claim_id,group_id,kind,claim_text,source_file,source_location,facts_json,reviewer_decision,reviewer_refs,reviewer_category,reviewer_note
lw-004-01,longword-01,quote,本期销售额为125万元,长文Word测试\长文测试_原始报告.docx,"[""p"", 4]","[{""id"":""sales_prev"",""subject"":""总计"",""metric"":""销售额"",""period"":""上期"",""unit"":""万元"",""scope"":""演示业务""},{""id"":""sales_current"",""subject"":""总计"",""metric"":""销售额"",""period"":""本期"",""unit"":""万元"",""scope"":""演示业务""},{""id"":""product_a"",""subject"":""A产品"",""metric"":""销量"",""period"":""本期"",""unit"":""件"",""scope"":""演示产品""},{""id"":""product_b"",""subject"":""B产品"",""metric"":""销量"",""period"":""本期"",""unit"":""件"",""scope"":""演示产品""},{""id"":""spending"",""subject"":""总计"",""metric"":""支出"",""period"":""本期"",""unit"":""万元"",""scope"":""演示项目""},{""id"":""budget"",""subject"":""总计"",""metric"":""预算"",""period"":""本期"",""unit"":""万元"",""scope"":""演示项目""}]",,,,
lw-004-02,longword-01,growth,较上期增长25%,长文Word测试\长文测试_原始报告.docx,"[""p"", 4]","[{""id"":""sales_prev"",""subject"":""总计"",""metric"":""销售额"",""period"":""上期"",""unit"":""万元"",""scope"":""演示业务""},{""id"":""sales_current"",""subject"":""总计"",""metric"":""销售额"",""period"":""本期"",""unit"":""万元"",""scope"":""演示业务""},{""id"":""product_a"",""subject"":""A产品"",""metric"":""销量"",""period"":""本期"",""unit"":""件"",""scope"":""演示产品""},{""id"":""product_b"",""subject"":""B产品"",""metric"":""销量"",""period"":""本期"",""unit"":""件"",""scope"":""演示产品""},{""id"":""spending"",""subject"":""总计"",""metric"":""支出"",""period"":""本期"",""unit"":""万元"",""scope"":""演示项目""},{""id"":""budget"",""subject"":""总计"",""metric"":""预算"",""period"":""本期"",""unit"":""万元"",""scope"":""演示项目""}]",,,,
lw-004-03,longword-01,threshold,超过120万元,长文Word测试\长文测试_原始报告.docx,"[""p"", 4]","[{""id"":""sales_prev"",""subject"":""总计"",""metric"":""销售额"",""period"":""上期"",""unit"":""万元"",""scope"":""演示业务""},{""id"":""sales_current"",""subject"":""总计"",""metric"":""销售额"",""period"":""本期"",""unit"":""万元"",""scope"":""演示业务""},{""id"":""product_a"",""subject"":""A产品"",""metric"":""销量"",""period"":""本期"",""unit"":""件"",""scope"":""演示产品""},{""id"":""product_b"",""subject"":""B产品"",""metric"":""销量"",""period"":""本期"",""unit"":""件"",""scope"":""演示产品""},{""id"":""spending"",""subject"":""总计"",""metric"":""支出"",""period"":""本期"",""unit"":""万元"",""scope"":""演示项目""},{""id"":""budget"",""subject"":""总计"",""metric"":""预算"",""period"":""本期"",""unit"":""万元"",""scope"":""演示项目""}]",,,,
lw-006-01,longword-01,growth,本期销售额较上期增长,长文Word测试\长文测试_原始报告.docx,"[""p"", 6]","[{""id"":""sales_prev"",""subject"":""总计"",""metric"":""销售额"",""period"":""上期"",""unit"":""万元"",""scope"":""演示业务""},{""id"":""sales_current"",""subject"":""总计"",""metric"":""销售额"",""period"":""本期"",""unit"":""万元"",""scope"":""演示业务""},{""id"":""product_a"",""subject"":""A产品"",""metric"":""销量"",""period"":""本期"",""unit"":""件"",""scope"":""演示产品""},{""id"":""product_b"",""subject"":""B产品"",""metric"":""销量"",""period"":""本期"",""unit"":""件"",""scope"":""演示产品""},{""id"":""spending"",""subject"":""总计"",""metric"":""支出"",""period"":""本期"",""unit"":""万元"",""scope"":""演示项目""},{""id"":""budget"",""subject"":""总计"",""metric"":""预算"",""period"":""本期"",""unit"":""万元"",""scope"":""演示项目""}]",,,,
lw-006-02,longword-01,threshold,本期销售额超过80万元,长文Word测试\长文测试_原始报告.docx,"[""p"", 6]","[{""id"":""sales_prev"",""subject"":""总计"",""metric"":""销售额"",""period"":""上期"",""unit"":""万元"",""scope"":""演示业务""},{""id"":""sales_current"",""subject"":""总计"",""metric"":""销售额"",""period"":""本期"",""unit"":""万元"",""scope"":""演示业务""},{""id"":""product_a"",""subject"":""A产品"",""metric"":""销量"",""period"":""本期"",""unit"":""件"",""scope"":""演示产品""},{""id"":""product_b"",""subject"":""B产品"",""metric"":""销量"",""period"":""本期"",""unit"":""件"",""scope"":""演示产品""},{""id"":""spending"",""subject"":""总计"",""metric"":""支出"",""period"":""本期"",""unit"":""万元"",""scope"":""演示项目""},{""id"":""budget"",""subject"":""总计"",""metric"":""预算"",""period"":""本期"",""unit"":""万元"",""scope"":""演示项目""}]",,,,
lw-007-01,longword-01,ranking,A产品销量最高,长文Word测试\长文测试_原始报告.docx,"[""p"", 7]","[{""id"":""sales_prev"",""subject"":""总计"",""metric"":""销售额"",""period"":""上期"",""unit"":""万元"",""scope"":""演示业务""},{""id"":""sales_current"",""subject"":""总计"",""metric"":""销售额"",""period"":""本期"",""unit"":""万元"",""scope"":""演示业务""},{""id"":""product_a"",""subject"":""A产品"",""metric"":""销量"",""period"":""本期"",""unit"":""件"",""scope"":""演示产品""},{""id"":""product_b"",""subject"":""B产品"",""metric"":""销量"",""period"":""本期"",""unit"":""件"",""scope"":""演示产品""},{""id"":""spending"",""subject"":""总计"",""metric"":""支出"",""period"":""本期"",""unit"":""万元"",""scope"":""演示项目""},{""id"":""budget"",""subject"":""总计"",""metric"":""预算"",""period"":""本期"",""unit"":""万元"",""scope"":""演示项目""}]",,,,
lw-007-02,longword-01,threshold,支出未超过预算,长文Word测试\长文测试_原始报告.docx,"[""p"", 7]","[{""id"":""sales_prev"",""subject"":""总计"",""metric"":""销售额"",""period"":""上期"",""unit"":""万元"",""scope"":""演示业务""},{""id"":""sales_current"",""subject"":""总计"",""metric"":""销售额"",""period"":""本期"",""unit"":""万元"",""scope"":""演示业务""},{""id"":""product_a"",""subject"":""A产品"",""metric"":""销量"",""period"":""本期"",""unit"":""件"",""scope"":""演示产品""},{""id"":""product_b"",""subject"":""B产品"",""metric"":""销量"",""period"":""本期"",""unit"":""件"",""scope"":""演示产品""},{""id"":""spending"",""subject"":""总计"",""metric"":""支出"",""period"":""本期"",""unit"":""万元"",""scope"":""演示项目""},{""id"":""budget"",""subject"":""总计"",""metric"":""预算"",""period"":""本期"",""unit"":""万元"",""scope"":""演示项目""}]",,,,
lw-008-01,longword-01,quote,本期支出为80万元,长文Word测试\长文测试_原始报告.docx,"[""p"", 8]","[{""id"":""sales_prev"",""subject"":""总计"",""metric"":""销售额"",""period"":""上期"",""unit"":""万元"",""scope"":""演示业务""},{""id"":""sales_current"",""subject"":""总计"",""metric"":""销售额"",""period"":""本期"",""unit"":""万元"",""scope"":""演示业务""},{""id"":""product_a"",""subject"":""A产品"",""metric"":""销量"",""period"":""本期"",""unit"":""件"",""scope"":""演示产品""},{""id"":""product_b"",""subject"":""B产品"",""metric"":""销量"",""period"":""本期"",""unit"":""件"",""scope"":""演示产品""},{""id"":""spending"",""subject"":""总计"",""metric"":""支出"",""period"":""本期"",""unit"":""万元"",""scope"":""演示项目""},{""id"":""budget"",""subject"":""总计"",""metric"":""预算"",""period"":""本期"",""unit"":""万元"",""scope"":""演示项目""}]",,,,
lw-008-02,longword-01,quote,本期预算为100万元,长文Word测试\长文测试_原始报告.docx,"[""p"", 8]","[{""id"":""sales_prev"",""subject"":""总计"",""metric"":""销售额"",""period"":""上期"",""unit"":""万元"",""scope"":""演示业务""},{""id"":""sales_current"",""subject"":""总计"",""metric"":""销售额"",""period"":""本期"",""unit"":""万元"",""scope"":""演示业务""},{""id"":""product_a"",""subject"":""A产品"",""metric"":""销量"",""period"":""本期"",""unit"":""件"",""scope"":""演示产品""},{""id"":""product_b"",""subject"":""B产品"",""metric"":""销量"",""period"":""本期"",""unit"":""件"",""scope"":""演示产品""},{""id"":""spending"",""subject"":""总计"",""metric"":""支出"",""period"":""本期"",""unit"":""万元"",""scope"":""演示项目""},{""id"":""budget"",""subject"":""总计"",""metric"":""预算"",""period"":""本期"",""unit"":""万元"",""scope"":""演示项目""}]",,,,
lw-010-01,longword-01,quote,本期销售额为125万元,长文Word测试\长文测试_原始报告.docx,"[""p"", 10]","[{""id"":""sales_prev"",""subject"":""总计"",""metric"":""销售额"",""period"":""上期"",""unit"":""万元"",""scope"":""演示业务""},{""id"":""sales_current"",""subject"":""总计"",""metric"":""销售额"",""period"":""本期"",""unit"":""万元"",""scope"":""演示业务""},{""id"":""product_a"",""subject"":""A产品"",""metric"":""销量"",""period"":""本期"",""unit"":""件"",""scope"":""演示产品""},{""id"":""product_b"",""subject"":""B产品"",""metric"":""销量"",""period"":""本期"",""unit"":""件"",""scope"":""演示产品""},{""id"":""spending"",""subject"":""总计"",""metric"":""支出"",""period"":""本期"",""unit"":""万元"",""scope"":""演示项目""},{""id"":""budget"",""subject"":""总计"",""metric"":""预算"",""period"":""本期"",""unit"":""万元"",""scope"":""演示项目""}]",,,,
lw-010-02,longword-01,threshold,本期支出低于100万元,长文Word测试\长文测试_原始报告.docx,"[""p"", 10]","[{""id"":""sales_prev"",""subject"":""总计"",""metric"":""销售额"",""period"":""上期"",""unit"":""万元"",""scope"":""演示业务""},{""id"":""sales_current"",""subject"":""总计"",""metric"":""销售额"",""period"":""本期"",""unit"":""万元"",""scope"":""演示业务""},{""id"":""product_a"",""subject"":""A产品"",""metric"":""销量"",""period"":""本期"",""unit"":""件"",""scope"":""演示产品""},{""id"":""product_b"",""subject"":""B产品"",""metric"":""销量"",""period"":""本期"",""unit"":""件"",""scope"":""演示产品""},{""id"":""spending"",""subject"":""总计"",""metric"":""支出"",""period"":""本期"",""unit"":""万元"",""scope"":""演示项目""},{""id"":""budget"",""subject"":""总计"",""metric"":""预算"",""period"":""本期"",""unit"":""万元"",""scope"":""演示项目""}]",,,,
lw-016-01,longword-02,quote,本期销售额为125万元,长文Word测试\长文测试_原始报告.docx,"[""p"", 16]","[{""id"":""sales_prev"",""subject"":""总计"",""metric"":""销售额"",""period"":""上期"",""unit"":""万元"",""scope"":""演示业务""},{""id"":""sales_current"",""subject"":""总计"",""metric"":""销售额"",""period"":""本期"",""unit"":""万元"",""scope"":""演示业务""},{""id"":""product_a"",""subject"":""A产品"",""metric"":""销量"",""period"":""本期"",""unit"":""件"",""scope"":""演示产品""},{""id"":""product_b"",""subject"":""B产品"",""metric"":""销量"",""period"":""本期"",""unit"":""件"",""scope"":""演示产品""},{""id"":""spending"",""subject"":""总计"",""metric"":""支出"",""period"":""本期"",""unit"":""万元"",""scope"":""演示项目""},{""id"":""budget"",""subject"":""总计"",""metric"":""预算"",""period"":""本期"",""unit"":""万元"",""scope"":""演示项目""}]",,,,
lw-016-02,longword-02,growth,较上期增长25%,长文Word测试\长文测试_原始报告.docx,"[""p"", 16]","[{""id"":""sales_prev"",""subject"":""总计"",""metric"":""销售额"",""period"":""上期"",""unit"":""万元"",""scope"":""演示业务""},{""id"":""sales_current"",""subject"":""总计"",""metric"":""销售额"",""period"":""本期"",""unit"":""万元"",""scope"":""演示业务""},{""id"":""product_a"",""subject"":""A产品"",""metric"":""销量"",""period"":""本期"",""unit"":""件"",""scope"":""演示产品""},{""id"":""product_b"",""subject"":""B产品"",""metric"":""销量"",""period"":""本期"",""unit"":""件"",""scope"":""演示产品""},{""id"":""spending"",""subject"":""总计"",""metric"":""支出"",""period"":""本期"",""unit"":""万元"",""scope"":""演示项目""},{""id"":""budget"",""subject"":""总计"",""metric"":""预算"",""period"":""本期"",""unit"":""万元"",""scope"":""演示项目""}]",,,,
lw-016-03,longword-02,threshold,超过120万元,长文Word测试\长文测试_原始报告.docx,"[""p"", 16]","[{""id"":""sales_prev"",""subject"":""总计"",""metric"":""销售额"",""period"":""上期"",""unit"":""万元"",""scope"":""演示业务""},{""id"":""sales_current"",""subject"":""总计"",""metric"":""销售额"",""period"":""本期"",""unit"":""万元"",""scope"":""演示业务""},{""id"":""product_a"",""subject"":""A产品"",""metric"":""销量"",""period"":""本期"",""unit"":""件"",""scope"":""演示产品""},{""id"":""product_b"",""subject"":""B产品"",""metric"":""销量"",""period"":""本期"",""unit"":""件"",""scope"":""演示产品""},{""id"":""spending"",""subject"":""总计"",""metric"":""支出"",""period"":""本期"",""unit"":""万元"",""scope"":""演示项目""},{""id"":""budget"",""subject"":""总计"",""metric"":""预算"",""period"":""本期"",""unit"":""万元"",""scope"":""演示项目""}]",,,,
lw-018-01,longword-02,growth,本期销售额较上期增长,长文Word测试\长文测试_原始报告.docx,"[""p"", 18]","[{""id"":""sales_prev"",""subject"":""总计"",""metric"":""销售额"",""period"":""上期"",""unit"":""万元"",""scope"":""演示业务""},{""id"":""sales_current"",""subject"":""总计"",""metric"":""销售额"",""period"":""本期"",""unit"":""万元"",""scope"":""演示业务""},{""id"":""product_a"",""subject"":""A产品"",""metric"":""销量"",""period"":""本期"",""unit"":""件"",""scope"":""演示产品""},{""id"":""product_b"",""subject"":""B产品"",""metric"":""销量"",""period"":""本期"",""unit"":""件"",""scope"":""演示产品""},{""id"":""spending"",""subject"":""总计"",""metric"":""支出"",""period"":""本期"",""unit"":""万元"",""scope"":""演示项目""},{""id"":""budget"",""subject"":""总计"",""metric"":""预算"",""period"":""本期"",""unit"":""万元"",""scope"":""演示项目""}]",,,,
lw-018-02,longword-02,threshold,本期销售额超过80万元,长文Word测试\长文测试_原始报告.docx,"[""p"", 18]","[{""id"":""sales_prev"",""subject"":""总计"",""metric"":""销售额"",""period"":""上期"",""unit"":""万元"",""scope"":""演示业务""},{""id"":""sales_current"",""subject"":""总计"",""metric"":""销售额"",""period"":""本期"",""unit"":""万元"",""scope"":""演示业务""},{""id"":""product_a"",""subject"":""A产品"",""metric"":""销量"",""period"":""本期"",""unit"":""件"",""scope"":""演示产品""},{""id"":""product_b"",""subject"":""B产品"",""metric"":""销量"",""period"":""本期"",""unit"":""件"",""scope"":""演示产品""},{""id"":""spending"",""subject"":""总计"",""metric"":""支出"",""period"":""本期"",""unit"":""万元"",""scope"":""演示项目""},{""id"":""budget"",""subject"":""总计"",""metric"":""预算"",""period"":""本期"",""unit"":""万元"",""scope"":""演示项目""}]",,,,
lw-019-01,longword-02,ranking,A产品销量最高,长文Word测试\长文测试_原始报告.docx,"[""p"", 19]","[{""id"":""sales_prev"",""subject"":""总计"",""metric"":""销售额"",""period"":""上期"",""unit"":""万元"",""scope"":""演示业务""},{""id"":""sales_current"",""subject"":""总计"",""metric"":""销售额"",""period"":""本期"",""unit"":""万元"",""scope"":""演示业务""},{""id"":""product_a"",""subject"":""A产品"",""metric"":""销量"",""period"":""本期"",""unit"":""件"",""scope"":""演示产品""},{""id"":""product_b"",""subject"":""B产品"",""metric"":""销量"",""period"":""本期"",""unit"":""件"",""scope"":""演示产品""},{""id"":""spending"",""subject"":""总计"",""metric"":""支出"",""period"":""本期"",""unit"":""万元"",""scope"":""演示项目""},{""id"":""budget"",""subject"":""总计"",""metric"":""预算"",""period"":""本期"",""unit"":""万元"",""scope"":""演示项目""}]",,,,
lw-019-02,longword-02,threshold,支出未超过预算,长文Word测试\长文测试_原始报告.docx,"[""p"", 19]","[{""id"":""sales_prev"",""subject"":""总计"",""metric"":""销售额"",""period"":""上期"",""unit"":""万元"",""scope"":""演示业务""},{""id"":""sales_current"",""subject"":""总计"",""metric"":""销售额"",""period"":""本期"",""unit"":""万元"",""scope"":""演示业务""},{""id"":""product_a"",""subject"":""A产品"",""metric"":""销量"",""period"":""本期"",""unit"":""件"",""scope"":""演示产品""},{""id"":""product_b"",""subject"":""B产品"",""metric"":""销量"",""period"":""本期"",""unit"":""件"",""scope"":""演示产品""},{""id"":""spending"",""subject"":""总计"",""metric"":""支出"",""period"":""本期"",""unit"":""万元"",""scope"":""演示项目""},{""id"":""budget"",""subject"":""总计"",""metric"":""预算"",""period"":""本期"",""unit"":""万元"",""scope"":""演示项目""}]",,,,
lw-020-01,longword-02,quote,本期支出为80万元,长文Word测试\长文测试_原始报告.docx,"[""p"", 20]","[{""id"":""sales_prev"",""subject"":""总计"",""metric"":""销售额"",""period"":""上期"",""unit"":""万元"",""scope"":""演示业务""},{""id"":""sales_current"",""subject"":""总计"",""metric"":""销售额"",""period"":""本期"",""unit"":""万元"",""scope"":""演示业务""},{""id"":""product_a"",""subject"":""A产品"",""metric"":""销量"",""period"":""本期"",""unit"":""件"",""scope"":""演示产品""},{""id"":""product_b"",""subject"":""B产品"",""metric"":""销量"",""period"":""本期"",""unit"":""件"",""scope"":""演示产品""},{""id"":""spending"",""subject"":""总计"",""metric"":""支出"",""period"":""本期"",""unit"":""万元"",""scope"":""演示项目""},{""id"":""budget"",""subject"":""总计"",""metric"":""预算"",""period"":""本期"",""unit"":""万元"",""scope"":""演示项目""}]",,,,
lw-020-02,longword-02,quote,本期预算为100万元,长文Word测试\长文测试_原始报告.docx,"[""p"", 20]","[{""id"":""sales_prev"",""subject"":""总计"",""metric"":""销售额"",""period"":""上期"",""unit"":""万元"",""scope"":""演示业务""},{""id"":""sales_current"",""subject"":""总计"",""metric"":""销售额"",""period"":""本期"",""unit"":""万元"",""scope"":""演示业务""},{""id"":""product_a"",""subject"":""A产品"",""metric"":""销量"",""period"":""本期"",""unit"":""件"",""scope"":""演示产品""},{""id"":""product_b"",""subject"":""B产品"",""metric"":""销量"",""period"":""本期"",""unit"":""件"",""scope"":""演示产品""},{""id"":""spending"",""subject"":""总计"",""metric"":""支出"",""period"":""本期"",""unit"":""万元"",""scope"":""演示项目""},{""id"":""budget"",""subject"":""总计"",""metric"":""预算"",""period"":""本期"",""unit"":""万元"",""scope"":""演示项目""}]",,,,
lw-022-01,longword-02,quote,本期销售额为125万元,长文Word测试\长文测试_原始报告.docx,"[""p"", 22]","[{""id"":""sales_prev"",""subject"":""总计"",""metric"":""销售额"",""period"":""上期"",""unit"":""万元"",""scope"":""演示业务""},{""id"":""sales_current"",""subject"":""总计"",""metric"":""销售额"",""period"":""本期"",""unit"":""万元"",""scope"":""演示业务""},{""id"":""product_a"",""subject"":""A产品"",""metric"":""销量"",""period"":""本期"",""unit"":""件"",""scope"":""演示产品""},{""id"":""product_b"",""subject"":""B产品"",""metric"":""销量"",""period"":""本期"",""unit"":""件"",""scope"":""演示产品""},{""id"":""spending"",""subject"":""总计"",""metric"":""支出"",""period"":""本期"",""unit"":""万元"",""scope"":""演示项目""},{""id"":""budget"",""subject"":""总计"",""metric"":""预算"",""period"":""本期"",""unit"":""万元"",""scope"":""演示项目""}]",,,,
lw-022-02,longword-02,threshold,本期支出低于100万元,长文Word测试\长文测试_原始报告.docx,"[""p"", 22]","[{""id"":""sales_prev"",""subject"":""总计"",""metric"":""销售额"",""period"":""上期"",""unit"":""万元"",""scope"":""演示业务""},{""id"":""sales_current"",""subject"":""总计"",""metric"":""销售额"",""period"":""本期"",""unit"":""万元"",""scope"":""演示业务""},{""id"":""product_a"",""subject"":""A产品"",""metric"":""销量"",""period"":""本期"",""unit"":""件"",""scope"":""演示产品""},{""id"":""product_b"",""subject"":""B产品"",""metric"":""销量"",""period"":""本期"",""unit"":""件"",""scope"":""演示产品""},{""id"":""spending"",""subject"":""总计"",""metric"":""支出"",""period"":""本期"",""unit"":""万元"",""scope"":""演示项目""},{""id"":""budget"",""subject"":""总计"",""metric"":""预算"",""period"":""本期"",""unit"":""万元"",""scope"":""演示项目""}]",,,,
lw-028-01,longword-03,quote,本期销售额为125万元,长文Word测试\长文测试_原始报告.docx,"[""p"", 28]","[{""id"":""sales_prev"",""subject"":""总计"",""metric"":""销售额"",""period"":""上期"",""unit"":""万元"",""scope"":""演示业务""},{""id"":""sales_current"",""subject"":""总计"",""metric"":""销售额"",""period"":""本期"",""unit"":""万元"",""scope"":""演示业务""},{""id"":""product_a"",""subject"":""A产品"",""metric"":""销量"",""period"":""本期"",""unit"":""件"",""scope"":""演示产品""},{""id"":""product_b"",""subject"":""B产品"",""metric"":""销量"",""period"":""本期"",""unit"":""件"",""scope"":""演示产品""},{""id"":""spending"",""subject"":""总计"",""metric"":""支出"",""period"":""本期"",""unit"":""万元"",""scope"":""演示项目""},{""id"":""budget"",""subject"":""总计"",""metric"":""预算"",""period"":""本期"",""unit"":""万元"",""scope"":""演示项目""}]",,,,
lw-028-02,longword-03,growth,较上期增长25%,长文Word测试\长文测试_原始报告.docx,"[""p"", 28]","[{""id"":""sales_prev"",""subject"":""总计"",""metric"":""销售额"",""period"":""上期"",""unit"":""万元"",""scope"":""演示业务""},{""id"":""sales_current"",""subject"":""总计"",""metric"":""销售额"",""period"":""本期"",""unit"":""万元"",""scope"":""演示业务""},{""id"":""product_a"",""subject"":""A产品"",""metric"":""销量"",""period"":""本期"",""unit"":""件"",""scope"":""演示产品""},{""id"":""product_b"",""subject"":""B产品"",""metric"":""销量"",""period"":""本期"",""unit"":""件"",""scope"":""演示产品""},{""id"":""spending"",""subject"":""总计"",""metric"":""支出"",""period"":""本期"",""unit"":""万元"",""scope"":""演示项目""},{""id"":""budget"",""subject"":""总计"",""metric"":""预算"",""period"":""本期"",""unit"":""万元"",""scope"":""演示项目""}]",,,,
lw-028-03,longword-03,threshold,超过120万元,长文Word测试\长文测试_原始报告.docx,"[""p"", 28]","[{""id"":""sales_prev"",""subject"":""总计"",""metric"":""销售额"",""period"":""上期"",""unit"":""万元"",""scope"":""演示业务""},{""id"":""sales_current"",""subject"":""总计"",""metric"":""销售额"",""period"":""本期"",""unit"":""万元"",""scope"":""演示业务""},{""id"":""product_a"",""subject"":""A产品"",""metric"":""销量"",""period"":""本期"",""unit"":""件"",""scope"":""演示产品""},{""id"":""product_b"",""subject"":""B产品"",""metric"":""销量"",""period"":""本期"",""unit"":""件"",""scope"":""演示产品""},{""id"":""spending"",""subject"":""总计"",""metric"":""支出"",""period"":""本期"",""unit"":""万元"",""scope"":""演示项目""},{""id"":""budget"",""subject"":""总计"",""metric"":""预算"",""period"":""本期"",""unit"":""万元"",""scope"":""演示项目""}]",,,,
lw-030-01,longword-03,growth,本期销售额较上期增长,长文Word测试\长文测试_原始报告.docx,"[""p"", 30]","[{""id"":""sales_prev"",""subject"":""总计"",""metric"":""销售额"",""period"":""上期"",""unit"":""万元"",""scope"":""演示业务""},{""id"":""sales_current"",""subject"":""总计"",""metric"":""销售额"",""period"":""本期"",""unit"":""万元"",""scope"":""演示业务""},{""id"":""product_a"",""subject"":""A产品"",""metric"":""销量"",""period"":""本期"",""unit"":""件"",""scope"":""演示产品""},{""id"":""product_b"",""subject"":""B产品"",""metric"":""销量"",""period"":""本期"",""unit"":""件"",""scope"":""演示产品""},{""id"":""spending"",""subject"":""总计"",""metric"":""支出"",""period"":""本期"",""unit"":""万元"",""scope"":""演示项目""},{""id"":""budget"",""subject"":""总计"",""metric"":""预算"",""period"":""本期"",""unit"":""万元"",""scope"":""演示项目""}]",,,,
lw-030-02,longword-03,threshold,本期销售额超过80万元,长文Word测试\长文测试_原始报告.docx,"[""p"", 30]","[{""id"":""sales_prev"",""subject"":""总计"",""metric"":""销售额"",""period"":""上期"",""unit"":""万元"",""scope"":""演示业务""},{""id"":""sales_current"",""subject"":""总计"",""metric"":""销售额"",""period"":""本期"",""unit"":""万元"",""scope"":""演示业务""},{""id"":""product_a"",""subject"":""A产品"",""metric"":""销量"",""period"":""本期"",""unit"":""件"",""scope"":""演示产品""},{""id"":""product_b"",""subject"":""B产品"",""metric"":""销量"",""period"":""本期"",""unit"":""件"",""scope"":""演示产品""},{""id"":""spending"",""subject"":""总计"",""metric"":""支出"",""period"":""本期"",""unit"":""万元"",""scope"":""演示项目""},{""id"":""budget"",""subject"":""总计"",""metric"":""预算"",""period"":""本期"",""unit"":""万元"",""scope"":""演示项目""}]",,,,
lw-031-01,longword-03,ranking,A产品销量最高,长文Word测试\长文测试_原始报告.docx,"[""p"", 31]","[{""id"":""sales_prev"",""subject"":""总计"",""metric"":""销售额"",""period"":""上期"",""unit"":""万元"",""scope"":""演示业务""},{""id"":""sales_current"",""subject"":""总计"",""metric"":""销售额"",""period"":""本期"",""unit"":""万元"",""scope"":""演示业务""},{""id"":""product_a"",""subject"":""A产品"",""metric"":""销量"",""period"":""本期"",""unit"":""件"",""scope"":""演示产品""},{""id"":""product_b"",""subject"":""B产品"",""metric"":""销量"",""period"":""本期"",""unit"":""件"",""scope"":""演示产品""},{""id"":""spending"",""subject"":""总计"",""metric"":""支出"",""period"":""本期"",""unit"":""万元"",""scope"":""演示项目""},{""id"":""budget"",""subject"":""总计"",""metric"":""预算"",""period"":""本期"",""unit"":""万元"",""scope"":""演示项目""}]",,,,
lw-031-02,longword-03,threshold,支出未超过预算,长文Word测试\长文测试_原始报告.docx,"[""p"", 31]","[{""id"":""sales_prev"",""subject"":""总计"",""metric"":""销售额"",""period"":""上期"",""unit"":""万元"",""scope"":""演示业务""},{""id"":""sales_current"",""subject"":""总计"",""metric"":""销售额"",""period"":""本期"",""unit"":""万元"",""scope"":""演示业务""},{""id"":""product_a"",""subject"":""A产品"",""metric"":""销量"",""period"":""本期"",""unit"":""件"",""scope"":""演示产品""},{""id"":""product_b"",""subject"":""B产品"",""metric"":""销量"",""period"":""本期"",""unit"":""件"",""scope"":""演示产品""},{""id"":""spending"",""subject"":""总计"",""metric"":""支出"",""period"":""本期"",""unit"":""万元"",""scope"":""演示项目""},{""id"":""budget"",""subject"":""总计"",""metric"":""预算"",""period"":""本期"",""unit"":""万元"",""scope"":""演示项目""}]",,,,
lw-032-01,longword-03,quote,本期支出为80万元,长文Word测试\长文测试_原始报告.docx,"[""p"", 32]","[{""id"":""sales_prev"",""subject"":""总计"",""metric"":""销售额"",""period"":""上期"",""unit"":""万元"",""scope"":""演示业务""},{""id"":""sales_current"",""subject"":""总计"",""metric"":""销售额"",""period"":""本期"",""unit"":""万元"",""scope"":""演示业务""},{""id"":""product_a"",""subject"":""A产品"",""metric"":""销量"",""period"":""本期"",""unit"":""件"",""scope"":""演示产品""},{""id"":""product_b"",""subject"":""B产品"",""metric"":""销量"",""period"":""本期"",""unit"":""件"",""scope"":""演示产品""},{""id"":""spending"",""subject"":""总计"",""metric"":""支出"",""period"":""本期"",""unit"":""万元"",""scope"":""演示项目""},{""id"":""budget"",""subject"":""总计"",""metric"":""预算"",""period"":""本期"",""unit"":""万元"",""scope"":""演示项目""}]",,,,
lw-032-02,longword-03,quote,本期预算为100万元,长文Word测试\长文测试_原始报告.docx,"[""p"", 32]","[{""id"":""sales_prev"",""subject"":""总计"",""metric"":""销售额"",""period"":""上期"",""unit"":""万元"",""scope"":""演示业务""},{""id"":""sales_current"",""subject"":""总计"",""metric"":""销售额"",""period"":""本期"",""unit"":""万元"",""scope"":""演示业务""},{""id"":""product_a"",""subject"":""A产品"",""metric"":""销量"",""period"":""本期"",""unit"":""件"",""scope"":""演示产品""},{""id"":""product_b"",""subject"":""B产品"",""metric"":""销量"",""period"":""本期"",""unit"":""件"",""scope"":""演示产品""},{""id"":""spending"",""subject"":""总计"",""metric"":""支出"",""period"":""本期"",""unit"":""万元"",""scope"":""演示项目""},{""id"":""budget"",""subject"":""总计"",""metric"":""预算"",""period"":""本期"",""unit"":""万元"",""scope"":""演示项目""}]",,,,
lw-034-01,longword-03,quote,本期销售额为125万元,长文Word测试\长文测试_原始报告.docx,"[""p"", 34]","[{""id"":""sales_prev"",""subject"":""总计"",""metric"":""销售额"",""period"":""上期"",""unit"":""万元"",""scope"":""演示业务""},{""id"":""sales_current"",""subject"":""总计"",""metric"":""销售额"",""period"":""本期"",""unit"":""万元"",""scope"":""演示业务""},{""id"":""product_a"",""subject"":""A产品"",""metric"":""销量"",""period"":""本期"",""unit"":""件"",""scope"":""演示产品""},{""id"":""product_b"",""subject"":""B产品"",""metric"":""销量"",""period"":""本期"",""unit"":""件"",""scope"":""演示产品""},{""id"":""spending"",""subject"":""总计"",""metric"":""支出"",""period"":""本期"",""unit"":""万元"",""scope"":""演示项目""},{""id"":""budget"",""subject"":""总计"",""metric"":""预算"",""period"":""本期"",""unit"":""万元"",""scope"":""演示项目""}]",,,,
lw-034-02,longword-03,threshold,本期支出低于100万元,长文Word测试\长文测试_原始报告.docx,"[""p"", 34]","[{""id"":""sales_prev"",""subject"":""总计"",""metric"":""销售额"",""period"":""上期"",""unit"":""万元"",""scope"":""演示业务""},{""id"":""sales_current"",""subject"":""总计"",""metric"":""销售额"",""period"":""本期"",""unit"":""万元"",""scope"":""演示业务""},{""id"":""product_a"",""subject"":""A产品"",""metric"":""销量"",""period"":""本期"",""unit"":""件"",""scope"":""演示产品""},{""id"":""product_b"",""subject"":""B产品"",""metric"":""销量"",""period"":""本期"",""unit"":""件"",""scope"":""演示产品""},{""id"":""spending"",""subject"":""总计"",""metric"":""支出"",""period"":""本期"",""unit"":""万元"",""scope"":""演示项目""},{""id"":""budget"",""subject"":""总计"",""metric"":""预算"",""period"":""本期"",""unit"":""万元"",""scope"":""演示项目""}]",,,,
lw-040-01,longword-03,quote,本期销售额为125万元,长文Word测试\长文测试_原始报告.docx,"[""p"", 40]","[{""id"":""sales_prev"",""subject"":""总计"",""metric"":""销售额"",""period"":""上期"",""unit"":""万元"",""scope"":""演示业务""},{""id"":""sales_current"",""subject"":""总计"",""metric"":""销售额"",""period"":""本期"",""unit"":""万元"",""scope"":""演示业务""},{""id"":""product_a"",""subject"":""A产品"",""metric"":""销量"",""period"":""本期"",""unit"":""件"",""scope"":""演示产品""},{""id"":""product_b"",""subject"":""B产品"",""metric"":""销量"",""period"":""本期"",""unit"":""件"",""scope"":""演示产品""},{""id"":""spending"",""subject"":""总计"",""metric"":""支出"",""period"":""本期"",""unit"":""万元"",""scope"":""演示项目""},{""id"":""budget"",""subject"":""总计"",""metric"":""预算"",""period"":""本期"",""unit"":""万元"",""scope"":""演示项目""}]",,,,
lw-040-02,longword-03,growth,较上期增长25%,长文Word测试\长文测试_原始报告.docx,"[""p"", 40]","[{""id"":""sales_prev"",""subject"":""总计"",""metric"":""销售额"",""period"":""上期"",""unit"":""万元"",""scope"":""演示业务""},{""id"":""sales_current"",""subject"":""总计"",""metric"":""销售额"",""period"":""本期"",""unit"":""万元"",""scope"":""演示业务""},{""id"":""product_a"",""subject"":""A产品"",""metric"":""销量"",""period"":""本期"",""unit"":""件"",""scope"":""演示产品""},{""id"":""product_b"",""subject"":""B产品"",""metric"":""销量"",""period"":""本期"",""unit"":""件"",""scope"":""演示产品""},{""id"":""spending"",""subject"":""总计"",""metric"":""支出"",""period"":""本期"",""unit"":""万元"",""scope"":""演示项目""},{""id"":""budget"",""subject"":""总计"",""metric"":""预算"",""period"":""本期"",""unit"":""万元"",""scope"":""演示项目""}]",,,,
lw-040-03,longword-03,threshold,超过120万元,长文Word测试\长文测试_原始报告.docx,"[""p"", 40]","[{""id"":""sales_prev"",""subject"":""总计"",""metric"":""销售额"",""period"":""上期"",""unit"":""万元"",""scope"":""演示业务""},{""id"":""sales_current"",""subject"":""总计"",""metric"":""销售额"",""period"":""本期"",""unit"":""万元"",""scope"":""演示业务""},{""id"":""product_a"",""subject"":""A产品"",""metric"":""销量"",""period"":""本期"",""unit"":""件"",""scope"":""演示产品""},{""id"":""product_b"",""subject"":""B产品"",""metric"":""销量"",""period"":""本期"",""unit"":""件"",""scope"":""演示产品""},{""id"":""spending"",""subject"":""总计"",""metric"":""支出"",""period"":""本期"",""unit"":""万元"",""scope"":""演示项目""},{""id"":""budget"",""subject"":""总计"",""metric"":""预算"",""period"":""本期"",""unit"":""万元"",""scope"":""演示项目""}]",,,,
lw-042-01,longword-04,growth,本期销售额较上期增长,长文Word测试\长文测试_原始报告.docx,"[""p"", 42]","[{""id"":""sales_prev"",""subject"":""总计"",""metric"":""销售额"",""period"":""上期"",""unit"":""万元"",""scope"":""演示业务""},{""id"":""sales_current"",""subject"":""总计"",""metric"":""销售额"",""period"":""本期"",""unit"":""万元"",""scope"":""演示业务""},{""id"":""product_a"",""subject"":""A产品"",""metric"":""销量"",""period"":""本期"",""unit"":""件"",""scope"":""演示产品""},{""id"":""product_b"",""subject"":""B产品"",""metric"":""销量"",""period"":""本期"",""unit"":""件"",""scope"":""演示产品""},{""id"":""spending"",""subject"":""总计"",""metric"":""支出"",""period"":""本期"",""unit"":""万元"",""scope"":""演示项目""},{""id"":""budget"",""subject"":""总计"",""metric"":""预算"",""period"":""本期"",""unit"":""万元"",""scope"":""演示项目""}]",,,,
lw-042-02,longword-04,threshold,本期销售额超过80万元,长文Word测试\长文测试_原始报告.docx,"[""p"", 42]","[{""id"":""sales_prev"",""subject"":""总计"",""metric"":""销售额"",""period"":""上期"",""unit"":""万元"",""scope"":""演示业务""},{""id"":""sales_current"",""subject"":""总计"",""metric"":""销售额"",""period"":""本期"",""unit"":""万元"",""scope"":""演示业务""},{""id"":""product_a"",""subject"":""A产品"",""metric"":""销量"",""period"":""本期"",""unit"":""件"",""scope"":""演示产品""},{""id"":""product_b"",""subject"":""B产品"",""metric"":""销量"",""period"":""本期"",""unit"":""件"",""scope"":""演示产品""},{""id"":""spending"",""subject"":""总计"",""metric"":""支出"",""period"":""本期"",""unit"":""万元"",""scope"":""演示项目""},{""id"":""budget"",""subject"":""总计"",""metric"":""预算"",""period"":""本期"",""unit"":""万元"",""scope"":""演示项目""}]",,,,
lw-043-01,longword-04,ranking,A产品销量最高,长文Word测试\长文测试_原始报告.docx,"[""p"", 43]","[{""id"":""sales_prev"",""subject"":""总计"",""metric"":""销售额"",""period"":""上期"",""unit"":""万元"",""scope"":""演示业务""},{""id"":""sales_current"",""subject"":""总计"",""metric"":""销售额"",""period"":""本期"",""unit"":""万元"",""scope"":""演示业务""},{""id"":""product_a"",""subject"":""A产品"",""metric"":""销量"",""period"":""本期"",""unit"":""件"",""scope"":""演示产品""},{""id"":""product_b"",""subject"":""B产品"",""metric"":""销量"",""period"":""本期"",""unit"":""件"",""scope"":""演示产品""},{""id"":""spending"",""subject"":""总计"",""metric"":""支出"",""period"":""本期"",""unit"":""万元"",""scope"":""演示项目""},{""id"":""budget"",""subject"":""总计"",""metric"":""预算"",""period"":""本期"",""unit"":""万元"",""scope"":""演示项目""}]",,,,
lw-043-02,longword-04,threshold,支出未超过预算,长文Word测试\长文测试_原始报告.docx,"[""p"", 43]","[{""id"":""sales_prev"",""subject"":""总计"",""metric"":""销售额"",""period"":""上期"",""unit"":""万元"",""scope"":""演示业务""},{""id"":""sales_current"",""subject"":""总计"",""metric"":""销售额"",""period"":""本期"",""unit"":""万元"",""scope"":""演示业务""},{""id"":""product_a"",""subject"":""A产品"",""metric"":""销量"",""period"":""本期"",""unit"":""件"",""scope"":""演示产品""},{""id"":""product_b"",""subject"":""B产品"",""metric"":""销量"",""period"":""本期"",""unit"":""件"",""scope"":""演示产品""},{""id"":""spending"",""subject"":""总计"",""metric"":""支出"",""period"":""本期"",""unit"":""万元"",""scope"":""演示项目""},{""id"":""budget"",""subject"":""总计"",""metric"":""预算"",""period"":""本期"",""unit"":""万元"",""scope"":""演示项目""}]",,,,
lw-044-01,longword-04,quote,本期支出为80万元,长文Word测试\长文测试_原始报告.docx,"[""p"", 44]","[{""id"":""sales_prev"",""subject"":""总计"",""metric"":""销售额"",""period"":""上期"",""unit"":""万元"",""scope"":""演示业务""},{""id"":""sales_current"",""subject"":""总计"",""metric"":""销售额"",""period"":""本期"",""unit"":""万元"",""scope"":""演示业务""},{""id"":""product_a"",""subject"":""A产品"",""metric"":""销量"",""period"":""本期"",""unit"":""件"",""scope"":""演示产品""},{""id"":""product_b"",""subject"":""B产品"",""metric"":""销量"",""period"":""本期"",""unit"":""件"",""scope"":""演示产品""},{""id"":""spending"",""subject"":""总计"",""metric"":""支出"",""period"":""本期"",""unit"":""万元"",""scope"":""演示项目""},{""id"":""budget"",""subject"":""总计"",""metric"":""预算"",""period"":""本期"",""unit"":""万元"",""scope"":""演示项目""}]",,,,
lw-044-02,longword-04,quote,本期预算为100万元,长文Word测试\长文测试_原始报告.docx,"[""p"", 44]","[{""id"":""sales_prev"",""subject"":""总计"",""metric"":""销售额"",""period"":""上期"",""unit"":""万元"",""scope"":""演示业务""},{""id"":""sales_current"",""subject"":""总计"",""metric"":""销售额"",""period"":""本期"",""unit"":""万元"",""scope"":""演示业务""},{""id"":""product_a"",""subject"":""A产品"",""metric"":""销量"",""period"":""本期"",""unit"":""件"",""scope"":""演示产品""},{""id"":""product_b"",""subject"":""B产品"",""metric"":""销量"",""period"":""本期"",""unit"":""件"",""scope"":""演示产品""},{""id"":""spending"",""subject"":""总计"",""metric"":""支出"",""period"":""本期"",""unit"":""万元"",""scope"":""演示项目""},{""id"":""budget"",""subject"":""总计"",""metric"":""预算"",""period"":""本期"",""unit"":""万元"",""scope"":""演示项目""}]",,,,
lw-046-01,longword-04,quote,本期销售额为125万元,长文Word测试\长文测试_原始报告.docx,"[""p"", 46]","[{""id"":""sales_prev"",""subject"":""总计"",""metric"":""销售额"",""period"":""上期"",""unit"":""万元"",""scope"":""演示业务""},{""id"":""sales_current"",""subject"":""总计"",""metric"":""销售额"",""period"":""本期"",""unit"":""万元"",""scope"":""演示业务""},{""id"":""product_a"",""subject"":""A产品"",""metric"":""销量"",""period"":""本期"",""unit"":""件"",""scope"":""演示产品""},{""id"":""product_b"",""subject"":""B产品"",""metric"":""销量"",""period"":""本期"",""unit"":""件"",""scope"":""演示产品""},{""id"":""spending"",""subject"":""总计"",""metric"":""支出"",""period"":""本期"",""unit"":""万元"",""scope"":""演示项目""},{""id"":""budget"",""subject"":""总计"",""metric"":""预算"",""period"":""本期"",""unit"":""万元"",""scope"":""演示项目""}]",,,,
lw-046-02,longword-04,threshold,本期支出低于100万元,长文Word测试\长文测试_原始报告.docx,"[""p"", 46]","[{""id"":""sales_prev"",""subject"":""总计"",""metric"":""销售额"",""period"":""上期"",""unit"":""万元"",""scope"":""演示业务""},{""id"":""sales_current"",""subject"":""总计"",""metric"":""销售额"",""period"":""本期"",""unit"":""万元"",""scope"":""演示业务""},{""id"":""product_a"",""subject"":""A产品"",""metric"":""销量"",""period"":""本期"",""unit"":""件"",""scope"":""演示产品""},{""id"":""product_b"",""subject"":""B产品"",""metric"":""销量"",""period"":""本期"",""unit"":""件"",""scope"":""演示产品""},{""id"":""spending"",""subject"":""总计"",""metric"":""支出"",""period"":""本期"",""unit"":""万元"",""scope"":""演示项目""},{""id"":""budget"",""subject"":""总计"",""metric"":""预算"",""period"":""本期"",""unit"":""万元"",""scope"":""演示项目""}]",,,,
lw-052-01,longword-04,quote,本期销售额为125万元,长文Word测试\长文测试_原始报告.docx,"[""p"", 52]","[{""id"":""sales_prev"",""subject"":""总计"",""metric"":""销售额"",""period"":""上期"",""unit"":""万元"",""scope"":""演示业务""},{""id"":""sales_current"",""subject"":""总计"",""metric"":""销售额"",""period"":""本期"",""unit"":""万元"",""scope"":""演示业务""},{""id"":""product_a"",""subject"":""A产品"",""metric"":""销量"",""period"":""本期"",""unit"":""件"",""scope"":""演示产品""},{""id"":""product_b"",""subject"":""B产品"",""metric"":""销量"",""period"":""本期"",""unit"":""件"",""scope"":""演示产品""},{""id"":""spending"",""subject"":""总计"",""metric"":""支出"",""period"":""本期"",""unit"":""万元"",""scope"":""演示项目""},{""id"":""budget"",""subject"":""总计"",""metric"":""预算"",""period"":""本期"",""unit"":""万元"",""scope"":""演示项目""}]",,,,
lw-052-02,longword-04,growth,较上期增长25%,长文Word测试\长文测试_原始报告.docx,"[""p"", 52]","[{""id"":""sales_prev"",""subject"":""总计"",""metric"":""销售额"",""period"":""上期"",""unit"":""万元"",""scope"":""演示业务""},{""id"":""sales_current"",""subject"":""总计"",""metric"":""销售额"",""period"":""本期"",""unit"":""万元"",""scope"":""演示业务""},{""id"":""product_a"",""subject"":""A产品"",""metric"":""销量"",""period"":""本期"",""unit"":""件"",""scope"":""演示产品""},{""id"":""product_b"",""subject"":""B产品"",""metric"":""销量"",""period"":""本期"",""unit"":""件"",""scope"":""演示产品""},{""id"":""spending"",""subject"":""总计"",""metric"":""支出"",""period"":""本期"",""unit"":""万元"",""scope"":""演示项目""},{""id"":""budget"",""subject"":""总计"",""metric"":""预算"",""period"":""本期"",""unit"":""万元"",""scope"":""演示项目""}]",,,,
lw-052-03,longword-04,threshold,超过120万元,长文Word测试\长文测试_原始报告.docx,"[""p"", 52]","[{""id"":""sales_prev"",""subject"":""总计"",""metric"":""销售额"",""period"":""上期"",""unit"":""万元"",""scope"":""演示业务""},{""id"":""sales_current"",""subject"":""总计"",""metric"":""销售额"",""period"":""本期"",""unit"":""万元"",""scope"":""演示业务""},{""id"":""product_a"",""subject"":""A产品"",""metric"":""销量"",""period"":""本期"",""unit"":""件"",""scope"":""演示产品""},{""id"":""product_b"",""subject"":""B产品"",""metric"":""销量"",""period"":""本期"",""unit"":""件"",""scope"":""演示产品""},{""id"":""spending"",""subject"":""总计"",""metric"":""支出"",""period"":""本期"",""unit"":""万元"",""scope"":""演示项目""},{""id"":""budget"",""subject"":""总计"",""metric"":""预算"",""period"":""本期"",""unit"":""万元"",""scope"":""演示项目""}]",,,,
lw-054-01,longword-04,growth,本期销售额较上期增长,长文Word测试\长文测试_原始报告.docx,"[""p"", 54]","[{""id"":""sales_prev"",""subject"":""总计"",""metric"":""销售额"",""period"":""上期"",""unit"":""万元"",""scope"":""演示业务""},{""id"":""sales_current"",""subject"":""总计"",""metric"":""销售额"",""period"":""本期"",""unit"":""万元"",""scope"":""演示业务""},{""id"":""product_a"",""subject"":""A产品"",""metric"":""销量"",""period"":""本期"",""unit"":""件"",""scope"":""演示产品""},{""id"":""product_b"",""subject"":""B产品"",""metric"":""销量"",""period"":""本期"",""unit"":""件"",""scope"":""演示产品""},{""id"":""spending"",""subject"":""总计"",""metric"":""支出"",""period"":""本期"",""unit"":""万元"",""scope"":""演示项目""},{""id"":""budget"",""subject"":""总计"",""metric"":""预算"",""period"":""本期"",""unit"":""万元"",""scope"":""演示项目""}]",,,,
lw-054-02,longword-04,threshold,本期销售额超过80万元,长文Word测试\长文测试_原始报告.docx,"[""p"", 54]","[{""id"":""sales_prev"",""subject"":""总计"",""metric"":""销售额"",""period"":""上期"",""unit"":""万元"",""scope"":""演示业务""},{""id"":""sales_current"",""subject"":""总计"",""metric"":""销售额"",""period"":""本期"",""unit"":""万元"",""scope"":""演示业务""},{""id"":""product_a"",""subject"":""A产品"",""metric"":""销量"",""period"":""本期"",""unit"":""件"",""scope"":""演示产品""},{""id"":""product_b"",""subject"":""B产品"",""metric"":""销量"",""period"":""本期"",""unit"":""件"",""scope"":""演示产品""},{""id"":""spending"",""subject"":""总计"",""metric"":""支出"",""period"":""本期"",""unit"":""万元"",""scope"":""演示项目""},{""id"":""budget"",""subject"":""总计"",""metric"":""预算"",""period"":""本期"",""unit"":""万元"",""scope"":""演示项目""}]",,,,
lw-055-01,longword-04,ranking,A产品销量最高,长文Word测试\长文测试_原始报告.docx,"[""p"", 55]","[{""id"":""sales_prev"",""subject"":""总计"",""metric"":""销售额"",""period"":""上期"",""unit"":""万元"",""scope"":""演示业务""},{""id"":""sales_current"",""subject"":""总计"",""metric"":""销售额"",""period"":""本期"",""unit"":""万元"",""scope"":""演示业务""},{""id"":""product_a"",""subject"":""A产品"",""metric"":""销量"",""period"":""本期"",""unit"":""件"",""scope"":""演示产品""},{""id"":""product_b"",""subject"":""B产品"",""metric"":""销量"",""period"":""本期"",""unit"":""件"",""scope"":""演示产品""},{""id"":""spending"",""subject"":""总计"",""metric"":""支出"",""period"":""本期"",""unit"":""万元"",""scope"":""演示项目""},{""id"":""budget"",""subject"":""总计"",""metric"":""预算"",""period"":""本期"",""unit"":""万元"",""scope"":""演示项目""}]",,,,
lw-055-02,longword-04,threshold,支出未超过预算,长文Word测试\长文测试_原始报告.docx,"[""p"", 55]","[{""id"":""sales_prev"",""subject"":""总计"",""metric"":""销售额"",""period"":""上期"",""unit"":""万元"",""scope"":""演示业务""},{""id"":""sales_current"",""subject"":""总计"",""metric"":""销售额"",""period"":""本期"",""unit"":""万元"",""scope"":""演示业务""},{""id"":""product_a"",""subject"":""A产品"",""metric"":""销量"",""period"":""本期"",""unit"":""件"",""scope"":""演示产品""},{""id"":""product_b"",""subject"":""B产品"",""metric"":""销量"",""period"":""本期"",""unit"":""件"",""scope"":""演示产品""},{""id"":""spending"",""subject"":""总计"",""metric"":""支出"",""period"":""本期"",""unit"":""万元"",""scope"":""演示项目""},{""id"":""budget"",""subject"":""总计"",""metric"":""预算"",""period"":""本期"",""unit"":""万元"",""scope"":""演示项目""}]",,,,
lw-056-01,longword-05,quote,本期支出为80万元,长文Word测试\长文测试_原始报告.docx,"[""p"", 56]","[{""id"":""sales_prev"",""subject"":""总计"",""metric"":""销售额"",""period"":""上期"",""unit"":""万元"",""scope"":""演示业务""},{""id"":""sales_current"",""subject"":""总计"",""metric"":""销售额"",""period"":""本期"",""unit"":""万元"",""scope"":""演示业务""},{""id"":""product_a"",""subject"":""A产品"",""metric"":""销量"",""period"":""本期"",""unit"":""件"",""scope"":""演示产品""},{""id"":""product_b"",""subject"":""B产品"",""metric"":""销量"",""period"":""本期"",""unit"":""件"",""scope"":""演示产品""},{""id"":""spending"",""subject"":""总计"",""metric"":""支出"",""period"":""本期"",""unit"":""万元"",""scope"":""演示项目""},{""id"":""budget"",""subject"":""总计"",""metric"":""预算"",""period"":""本期"",""unit"":""万元"",""scope"":""演示项目""}]",,,,
lw-056-02,longword-05,quote,本期预算为100万元,长文Word测试\长文测试_原始报告.docx,"[""p"", 56]","[{""id"":""sales_prev"",""subject"":""总计"",""metric"":""销售额"",""period"":""上期"",""unit"":""万元"",""scope"":""演示业务""},{""id"":""sales_current"",""subject"":""总计"",""metric"":""销售额"",""period"":""本期"",""unit"":""万元"",""scope"":""演示业务""},{""id"":""product_a"",""subject"":""A产品"",""metric"":""销量"",""period"":""本期"",""unit"":""件"",""scope"":""演示产品""},{""id"":""product_b"",""subject"":""B产品"",""metric"":""销量"",""period"":""本期"",""unit"":""件"",""scope"":""演示产品""},{""id"":""spending"",""subject"":""总计"",""metric"":""支出"",""period"":""本期"",""unit"":""万元"",""scope"":""演示项目""},{""id"":""budget"",""subject"":""总计"",""metric"":""预算"",""period"":""本期"",""unit"":""万元"",""scope"":""演示项目""}]",,,,
lw-058-01,longword-05,quote,本期销售额为125万元,长文Word测试\长文测试_原始报告.docx,"[""p"", 58]","[{""id"":""sales_prev"",""subject"":""总计"",""metric"":""销售额"",""period"":""上期"",""unit"":""万元"",""scope"":""演示业务""},{""id"":""sales_current"",""subject"":""总计"",""metric"":""销售额"",""period"":""本期"",""unit"":""万元"",""scope"":""演示业务""},{""id"":""product_a"",""subject"":""A产品"",""metric"":""销量"",""period"":""本期"",""unit"":""件"",""scope"":""演示产品""},{""id"":""product_b"",""subject"":""B产品"",""metric"":""销量"",""period"":""本期"",""unit"":""件"",""scope"":""演示产品""},{""id"":""spending"",""subject"":""总计"",""metric"":""支出"",""period"":""本期"",""unit"":""万元"",""scope"":""演示项目""},{""id"":""budget"",""subject"":""总计"",""metric"":""预算"",""period"":""本期"",""unit"":""万元"",""scope"":""演示项目""}]",,,,
lw-058-02,longword-05,threshold,本期支出低于100万元,长文Word测试\长文测试_原始报告.docx,"[""p"", 58]","[{""id"":""sales_prev"",""subject"":""总计"",""metric"":""销售额"",""period"":""上期"",""unit"":""万元"",""scope"":""演示业务""},{""id"":""sales_current"",""subject"":""总计"",""metric"":""销售额"",""period"":""本期"",""unit"":""万元"",""scope"":""演示业务""},{""id"":""product_a"",""subject"":""A产品"",""metric"":""销量"",""period"":""本期"",""unit"":""件"",""scope"":""演示产品""},{""id"":""product_b"",""subject"":""B产品"",""metric"":""销量"",""period"":""本期"",""unit"":""件"",""scope"":""演示产品""},{""id"":""spending"",""subject"":""总计"",""metric"":""支出"",""period"":""本期"",""unit"":""万元"",""scope"":""演示项目""},{""id"":""budget"",""subject"":""总计"",""metric"":""预算"",""period"":""本期"",""unit"":""万元"",""scope"":""演示项目""}]",,,,
lw-064-01,longword-05,quote,本期销售额为125万元,长文Word测试\长文测试_原始报告.docx,"[""p"", 64]","[{""id"":""sales_prev"",""subject"":""总计"",""metric"":""销售额"",""period"":""上期"",""unit"":""万元"",""scope"":""演示业务""},{""id"":""sales_current"",""subject"":""总计"",""metric"":""销售额"",""period"":""本期"",""unit"":""万元"",""scope"":""演示业务""},{""id"":""product_a"",""subject"":""A产品"",""metric"":""销量"",""period"":""本期"",""unit"":""件"",""scope"":""演示产品""},{""id"":""product_b"",""subject"":""B产品"",""metric"":""销量"",""period"":""本期"",""unit"":""件"",""scope"":""演示产品""},{""id"":""spending"",""subject"":""总计"",""metric"":""支出"",""period"":""本期"",""unit"":""万元"",""scope"":""演示项目""},{""id"":""budget"",""subject"":""总计"",""metric"":""预算"",""period"":""本期"",""unit"":""万元"",""scope"":""演示项目""}]",,,,
lw-064-02,longword-05,growth,较上期增长25%,长文Word测试\长文测试_原始报告.docx,"[""p"", 64]","[{""id"":""sales_prev"",""subject"":""总计"",""metric"":""销售额"",""period"":""上期"",""unit"":""万元"",""scope"":""演示业务""},{""id"":""sales_current"",""subject"":""总计"",""metric"":""销售额"",""period"":""本期"",""unit"":""万元"",""scope"":""演示业务""},{""id"":""product_a"",""subject"":""A产品"",""metric"":""销量"",""period"":""本期"",""unit"":""件"",""scope"":""演示产品""},{""id"":""product_b"",""subject"":""B产品"",""metric"":""销量"",""period"":""本期"",""unit"":""件"",""scope"":""演示产品""},{""id"":""spending"",""subject"":""总计"",""metric"":""支出"",""period"":""本期"",""unit"":""万元"",""scope"":""演示项目""},{""id"":""budget"",""subject"":""总计"",""metric"":""预算"",""period"":""本期"",""unit"":""万元"",""scope"":""演示项目""}]",,,,
lw-064-03,longword-05,threshold,超过120万元,长文Word测试\长文测试_原始报告.docx,"[""p"", 64]","[{""id"":""sales_prev"",""subject"":""总计"",""metric"":""销售额"",""period"":""上期"",""unit"":""万元"",""scope"":""演示业务""},{""id"":""sales_current"",""subject"":""总计"",""metric"":""销售额"",""period"":""本期"",""unit"":""万元"",""scope"":""演示业务""},{""id"":""product_a"",""subject"":""A产品"",""metric"":""销量"",""period"":""本期"",""unit"":""件"",""scope"":""演示产品""},{""id"":""product_b"",""subject"":""B产品"",""metric"":""销量"",""period"":""本期"",""unit"":""件"",""scope"":""演示产品""},{""id"":""spending"",""subject"":""总计"",""metric"":""支出"",""period"":""本期"",""unit"":""万元"",""scope"":""演示项目""},{""id"":""budget"",""subject"":""总计"",""metric"":""预算"",""period"":""本期"",""unit"":""万元"",""scope"":""演示项目""}]",,,,
lw-066-01,longword-05,growth,本期销售额较上期增长,长文Word测试\长文测试_原始报告.docx,"[""p"", 66]","[{""id"":""sales_prev"",""subject"":""总计"",""metric"":""销售额"",""period"":""上期"",""unit"":""万元"",""scope"":""演示业务""},{""id"":""sales_current"",""subject"":""总计"",""metric"":""销售额"",""period"":""本期"",""unit"":""万元"",""scope"":""演示业务""},{""id"":""product_a"",""subject"":""A产品"",""metric"":""销量"",""period"":""本期"",""unit"":""件"",""scope"":""演示产品""},{""id"":""product_b"",""subject"":""B产品"",""metric"":""销量"",""period"":""本期"",""unit"":""件"",""scope"":""演示产品""},{""id"":""spending"",""subject"":""总计"",""metric"":""支出"",""period"":""本期"",""unit"":""万元"",""scope"":""演示项目""},{""id"":""budget"",""subject"":""总计"",""metric"":""预算"",""period"":""本期"",""unit"":""万元"",""scope"":""演示项目""}]",,,,
lw-066-02,longword-05,threshold,本期销售额超过80万元,长文Word测试\长文测试_原始报告.docx,"[""p"", 66]","[{""id"":""sales_prev"",""subject"":""总计"",""metric"":""销售额"",""period"":""上期"",""unit"":""万元"",""scope"":""演示业务""},{""id"":""sales_current"",""subject"":""总计"",""metric"":""销售额"",""period"":""本期"",""unit"":""万元"",""scope"":""演示业务""},{""id"":""product_a"",""subject"":""A产品"",""metric"":""销量"",""period"":""本期"",""unit"":""件"",""scope"":""演示产品""},{""id"":""product_b"",""subject"":""B产品"",""metric"":""销量"",""period"":""本期"",""unit"":""件"",""scope"":""演示产品""},{""id"":""spending"",""subject"":""总计"",""metric"":""支出"",""period"":""本期"",""unit"":""万元"",""scope"":""演示项目""},{""id"":""budget"",""subject"":""总计"",""metric"":""预算"",""period"":""本期"",""unit"":""万元"",""scope"":""演示项目""}]",,,,
lw-067-01,longword-05,ranking,A产品销量最高,长文Word测试\长文测试_原始报告.docx,"[""p"", 67]","[{""id"":""sales_prev"",""subject"":""总计"",""metric"":""销售额"",""period"":""上期"",""unit"":""万元"",""scope"":""演示业务""},{""id"":""sales_current"",""subject"":""总计"",""metric"":""销售额"",""period"":""本期"",""unit"":""万元"",""scope"":""演示业务""},{""id"":""product_a"",""subject"":""A产品"",""metric"":""销量"",""period"":""本期"",""unit"":""件"",""scope"":""演示产品""},{""id"":""product_b"",""subject"":""B产品"",""metric"":""销量"",""period"":""本期"",""unit"":""件"",""scope"":""演示产品""},{""id"":""spending"",""subject"":""总计"",""metric"":""支出"",""period"":""本期"",""unit"":""万元"",""scope"":""演示项目""},{""id"":""budget"",""subject"":""总计"",""metric"":""预算"",""period"":""本期"",""unit"":""万元"",""scope"":""演示项目""}]",,,,
lw-067-02,longword-05,threshold,支出未超过预算,长文Word测试\长文测试_原始报告.docx,"[""p"", 67]","[{""id"":""sales_prev"",""subject"":""总计"",""metric"":""销售额"",""period"":""上期"",""unit"":""万元"",""scope"":""演示业务""},{""id"":""sales_current"",""subject"":""总计"",""metric"":""销售额"",""period"":""本期"",""unit"":""万元"",""scope"":""演示业务""},{""id"":""product_a"",""subject"":""A产品"",""metric"":""销量"",""period"":""本期"",""unit"":""件"",""scope"":""演示产品""},{""id"":""product_b"",""subject"":""B产品"",""metric"":""销量"",""period"":""本期"",""unit"":""件"",""scope"":""演示产品""},{""id"":""spending"",""subject"":""总计"",""metric"":""支出"",""period"":""本期"",""unit"":""万元"",""scope"":""演示项目""},{""id"":""budget"",""subject"":""总计"",""metric"":""预算"",""period"":""本期"",""unit"":""万元"",""scope"":""演示项目""}]",,,,
lw-068-01,longword-05,quote,本期支出为80万元,长文Word测试\长文测试_原始报告.docx,"[""p"", 68]","[{""id"":""sales_prev"",""subject"":""总计"",""metric"":""销售额"",""period"":""上期"",""unit"":""万元"",""scope"":""演示业务""},{""id"":""sales_current"",""subject"":""总计"",""metric"":""销售额"",""period"":""本期"",""unit"":""万元"",""scope"":""演示业务""},{""id"":""product_a"",""subject"":""A产品"",""metric"":""销量"",""period"":""本期"",""unit"":""件"",""scope"":""演示产品""},{""id"":""product_b"",""subject"":""B产品"",""metric"":""销量"",""period"":""本期"",""unit"":""件"",""scope"":""演示产品""},{""id"":""spending"",""subject"":""总计"",""metric"":""支出"",""period"":""本期"",""unit"":""万元"",""scope"":""演示项目""},{""id"":""budget"",""subject"":""总计"",""metric"":""预算"",""period"":""本期"",""unit"":""万元"",""scope"":""演示项目""}]",,,,
lw-068-02,longword-05,quote,本期预算为100万元,长文Word测试\长文测试_原始报告.docx,"[""p"", 68]","[{""id"":""sales_prev"",""subject"":""总计"",""metric"":""销售额"",""period"":""上期"",""unit"":""万元"",""scope"":""演示业务""},{""id"":""sales_current"",""subject"":""总计"",""metric"":""销售额"",""period"":""本期"",""unit"":""万元"",""scope"":""演示业务""},{""id"":""product_a"",""subject"":""A产品"",""metric"":""销量"",""period"":""本期"",""unit"":""件"",""scope"":""演示产品""},{""id"":""product_b"",""subject"":""B产品"",""metric"":""销量"",""period"":""本期"",""unit"":""件"",""scope"":""演示产品""},{""id"":""spending"",""subject"":""总计"",""metric"":""支出"",""period"":""本期"",""unit"":""万元"",""scope"":""演示项目""},{""id"":""budget"",""subject"":""总计"",""metric"":""预算"",""period"":""本期"",""unit"":""万元"",""scope"":""演示项目""}]",,,,
lw-070-01,longword-06,quote,本期销售额为125万元,长文Word测试\长文测试_原始报告.docx,"[""p"", 70]","[{""id"":""sales_prev"",""subject"":""总计"",""metric"":""销售额"",""period"":""上期"",""unit"":""万元"",""scope"":""演示业务""},{""id"":""sales_current"",""subject"":""总计"",""metric"":""销售额"",""period"":""本期"",""unit"":""万元"",""scope"":""演示业务""},{""id"":""product_a"",""subject"":""A产品"",""metric"":""销量"",""period"":""本期"",""unit"":""件"",""scope"":""演示产品""},{""id"":""product_b"",""subject"":""B产品"",""metric"":""销量"",""period"":""本期"",""unit"":""件"",""scope"":""演示产品""},{""id"":""spending"",""subject"":""总计"",""metric"":""支出"",""period"":""本期"",""unit"":""万元"",""scope"":""演示项目""},{""id"":""budget"",""subject"":""总计"",""metric"":""预算"",""period"":""本期"",""unit"":""万元"",""scope"":""演示项目""}]",,,,
lw-070-02,longword-06,threshold,本期支出低于100万元,长文Word测试\长文测试_原始报告.docx,"[""p"", 70]","[{""id"":""sales_prev"",""subject"":""总计"",""metric"":""销售额"",""period"":""上期"",""unit"":""万元"",""scope"":""演示业务""},{""id"":""sales_current"",""subject"":""总计"",""metric"":""销售额"",""period"":""本期"",""unit"":""万元"",""scope"":""演示业务""},{""id"":""product_a"",""subject"":""A产品"",""metric"":""销量"",""period"":""本期"",""unit"":""件"",""scope"":""演示产品""},{""id"":""product_b"",""subject"":""B产品"",""metric"":""销量"",""period"":""本期"",""unit"":""件"",""scope"":""演示产品""},{""id"":""spending"",""subject"":""总计"",""metric"":""支出"",""period"":""本期"",""unit"":""万元"",""scope"":""演示项目""},{""id"":""budget"",""subject"":""总计"",""metric"":""预算"",""period"":""本期"",""unit"":""万元"",""scope"":""演示项目""}]",,,,
lw-076-01,longword-06,quote,本期销售额为125万元,长文Word测试\长文测试_原始报告.docx,"[""p"", 76]","[{""id"":""sales_prev"",""subject"":""总计"",""metric"":""销售额"",""period"":""上期"",""unit"":""万元"",""scope"":""演示业务""},{""id"":""sales_current"",""subject"":""总计"",""metric"":""销售额"",""period"":""本期"",""unit"":""万元"",""scope"":""演示业务""},{""id"":""product_a"",""subject"":""A产品"",""metric"":""销量"",""period"":""本期"",""unit"":""件"",""scope"":""演示产品""},{""id"":""product_b"",""subject"":""B产品"",""metric"":""销量"",""period"":""本期"",""unit"":""件"",""scope"":""演示产品""},{""id"":""spending"",""subject"":""总计"",""metric"":""支出"",""period"":""本期"",""unit"":""万元"",""scope"":""演示项目""},{""id"":""budget"",""subject"":""总计"",""metric"":""预算"",""period"":""本期"",""unit"":""万元"",""scope"":""演示项目""}]",,,,
lw-076-02,longword-06,growth,较上期增长25%,长文Word测试\长文测试_原始报告.docx,"[""p"", 76]","[{""id"":""sales_prev"",""subject"":""总计"",""metric"":""销售额"",""period"":""上期"",""unit"":""万元"",""scope"":""演示业务""},{""id"":""sales_current"",""subject"":""总计"",""metric"":""销售额"",""period"":""本期"",""unit"":""万元"",""scope"":""演示业务""},{""id"":""product_a"",""subject"":""A产品"",""metric"":""销量"",""period"":""本期"",""unit"":""件"",""scope"":""演示产品""},{""id"":""product_b"",""subject"":""B产品"",""metric"":""销量"",""period"":""本期"",""unit"":""件"",""scope"":""演示产品""},{""id"":""spending"",""subject"":""总计"",""metric"":""支出"",""period"":""本期"",""unit"":""万元"",""scope"":""演示项目""},{""id"":""budget"",""subject"":""总计"",""metric"":""预算"",""period"":""本期"",""unit"":""万元"",""scope"":""演示项目""}]",,,,
lw-076-03,longword-06,threshold,超过120万元,长文Word测试\长文测试_原始报告.docx,"[""p"", 76]","[{""id"":""sales_prev"",""subject"":""总计"",""metric"":""销售额"",""period"":""上期"",""unit"":""万元"",""scope"":""演示业务""},{""id"":""sales_current"",""subject"":""总计"",""metric"":""销售额"",""period"":""本期"",""unit"":""万元"",""scope"":""演示业务""},{""id"":""product_a"",""subject"":""A产品"",""metric"":""销量"",""period"":""本期"",""unit"":""件"",""scope"":""演示产品""},{""id"":""product_b"",""subject"":""B产品"",""metric"":""销量"",""period"":""本期"",""unit"":""件"",""scope"":""演示产品""},{""id"":""spending"",""subject"":""总计"",""metric"":""支出"",""period"":""本期"",""unit"":""万元"",""scope"":""演示项目""},{""id"":""budget"",""subject"":""总计"",""metric"":""预算"",""period"":""本期"",""unit"":""万元"",""scope"":""演示项目""}]",,,,
lw-078-01,longword-06,growth,本期销售额较上期增长,长文Word测试\长文测试_原始报告.docx,"[""p"", 78]","[{""id"":""sales_prev"",""subject"":""总计"",""metric"":""销售额"",""period"":""上期"",""unit"":""万元"",""scope"":""演示业务""},{""id"":""sales_current"",""subject"":""总计"",""metric"":""销售额"",""period"":""本期"",""unit"":""万元"",""scope"":""演示业务""},{""id"":""product_a"",""subject"":""A产品"",""metric"":""销量"",""period"":""本期"",""unit"":""件"",""scope"":""演示产品""},{""id"":""product_b"",""subject"":""B产品"",""metric"":""销量"",""period"":""本期"",""unit"":""件"",""scope"":""演示产品""},{""id"":""spending"",""subject"":""总计"",""metric"":""支出"",""period"":""本期"",""unit"":""万元"",""scope"":""演示项目""},{""id"":""budget"",""subject"":""总计"",""metric"":""预算"",""period"":""本期"",""unit"":""万元"",""scope"":""演示项目""}]",,,,
lw-078-02,longword-06,threshold,本期销售额超过80万元,长文Word测试\长文测试_原始报告.docx,"[""p"", 78]","[{""id"":""sales_prev"",""subject"":""总计"",""metric"":""销售额"",""period"":""上期"",""unit"":""万元"",""scope"":""演示业务""},{""id"":""sales_current"",""subject"":""总计"",""metric"":""销售额"",""period"":""本期"",""unit"":""万元"",""scope"":""演示业务""},{""id"":""product_a"",""subject"":""A产品"",""metric"":""销量"",""period"":""本期"",""unit"":""件"",""scope"":""演示产品""},{""id"":""product_b"",""subject"":""B产品"",""metric"":""销量"",""period"":""本期"",""unit"":""件"",""scope"":""演示产品""},{""id"":""spending"",""subject"":""总计"",""metric"":""支出"",""period"":""本期"",""unit"":""万元"",""scope"":""演示项目""},{""id"":""budget"",""subject"":""总计"",""metric"":""预算"",""period"":""本期"",""unit"":""万元"",""scope"":""演示项目""}]",,,,
lw-079-01,longword-06,ranking,A产品销量最高,长文Word测试\长文测试_原始报告.docx,"[""p"", 79]","[{""id"":""sales_prev"",""subject"":""总计"",""metric"":""销售额"",""period"":""上期"",""unit"":""万元"",""scope"":""演示业务""},{""id"":""sales_current"",""subject"":""总计"",""metric"":""销售额"",""period"":""本期"",""unit"":""万元"",""scope"":""演示业务""},{""id"":""product_a"",""subject"":""A产品"",""metric"":""销量"",""period"":""本期"",""unit"":""件"",""scope"":""演示产品""},{""id"":""product_b"",""subject"":""B产品"",""metric"":""销量"",""period"":""本期"",""unit"":""件"",""scope"":""演示产品""},{""id"":""spending"",""subject"":""总计"",""metric"":""支出"",""period"":""本期"",""unit"":""万元"",""scope"":""演示项目""},{""id"":""budget"",""subject"":""总计"",""metric"":""预算"",""period"":""本期"",""unit"":""万元"",""scope"":""演示项目""}]",,,,
lw-079-02,longword-06,threshold,支出未超过预算,长文Word测试\长文测试_原始报告.docx,"[""p"", 79]","[{""id"":""sales_prev"",""subject"":""总计"",""metric"":""销售额"",""period"":""上期"",""unit"":""万元"",""scope"":""演示业务""},{""id"":""sales_current"",""subject"":""总计"",""metric"":""销售额"",""period"":""本期"",""unit"":""万元"",""scope"":""演示业务""},{""id"":""product_a"",""subject"":""A产品"",""metric"":""销量"",""period"":""本期"",""unit"":""件"",""scope"":""演示产品""},{""id"":""product_b"",""subject"":""B产品"",""metric"":""销量"",""period"":""本期"",""unit"":""件"",""scope"":""演示产品""},{""id"":""spending"",""subject"":""总计"",""metric"":""支出"",""period"":""本期"",""unit"":""万元"",""scope"":""演示项目""},{""id"":""budget"",""subject"":""总计"",""metric"":""预算"",""period"":""本期"",""unit"":""万元"",""scope"":""演示项目""}]",,,,
lw-080-01,longword-06,quote,本期支出为80万元,长文Word测试\长文测试_原始报告.docx,"[""p"", 80]","[{""id"":""sales_prev"",""subject"":""总计"",""metric"":""销售额"",""period"":""上期"",""unit"":""万元"",""scope"":""演示业务""},{""id"":""sales_current"",""subject"":""总计"",""metric"":""销售额"",""period"":""本期"",""unit"":""万元"",""scope"":""演示业务""},{""id"":""product_a"",""subject"":""A产品"",""metric"":""销量"",""period"":""本期"",""unit"":""件"",""scope"":""演示产品""},{""id"":""product_b"",""subject"":""B产品"",""metric"":""销量"",""period"":""本期"",""unit"":""件"",""scope"":""演示产品""},{""id"":""spending"",""subject"":""总计"",""metric"":""支出"",""period"":""本期"",""unit"":""万元"",""scope"":""演示项目""},{""id"":""budget"",""subject"":""总计"",""metric"":""预算"",""period"":""本期"",""unit"":""万元"",""scope"":""演示项目""}]",,,,
lw-080-02,longword-06,quote,本期预算为100万元,长文Word测试\长文测试_原始报告.docx,"[""p"", 80]","[{""id"":""sales_prev"",""subject"":""总计"",""metric"":""销售额"",""period"":""上期"",""unit"":""万元"",""scope"":""演示业务""},{""id"":""sales_current"",""subject"":""总计"",""metric"":""销售额"",""period"":""本期"",""unit"":""万元"",""scope"":""演示业务""},{""id"":""product_a"",""subject"":""A产品"",""metric"":""销量"",""period"":""本期"",""unit"":""件"",""scope"":""演示产品""},{""id"":""product_b"",""subject"":""B产品"",""metric"":""销量"",""period"":""本期"",""unit"":""件"",""scope"":""演示产品""},{""id"":""spending"",""subject"":""总计"",""metric"":""支出"",""period"":""本期"",""unit"":""万元"",""scope"":""演示项目""},{""id"":""budget"",""subject"":""总计"",""metric"":""预算"",""period"":""本期"",""unit"":""万元"",""scope"":""演示项目""}]",,,,
lw-082-01,longword-06,quote,本期销售额为125万元,长文Word测试\长文测试_原始报告.docx,"[""p"", 82]","[{""id"":""sales_prev"",""subject"":""总计"",""metric"":""销售额"",""period"":""上期"",""unit"":""万元"",""scope"":""演示业务""},{""id"":""sales_current"",""subject"":""总计"",""metric"":""销售额"",""period"":""本期"",""unit"":""万元"",""scope"":""演示业务""},{""id"":""product_a"",""subject"":""A产品"",""metric"":""销量"",""period"":""本期"",""unit"":""件"",""scope"":""演示产品""},{""id"":""product_b"",""subject"":""B产品"",""metric"":""销量"",""period"":""本期"",""unit"":""件"",""scope"":""演示产品""},{""id"":""spending"",""subject"":""总计"",""metric"":""支出"",""period"":""本期"",""unit"":""万元"",""scope"":""演示项目""},{""id"":""budget"",""subject"":""总计"",""metric"":""预算"",""period"":""本期"",""unit"":""万元"",""scope"":""演示项目""}]",,,,
lw-082-02,longword-06,threshold,本期支出低于100万元,长文Word测试\长文测试_原始报告.docx,"[""p"", 82]","[{""id"":""sales_prev"",""subject"":""总计"",""metric"":""销售额"",""period"":""上期"",""unit"":""万元"",""scope"":""演示业务""},{""id"":""sales_current"",""subject"":""总计"",""metric"":""销售额"",""period"":""本期"",""unit"":""万元"",""scope"":""演示业务""},{""id"":""product_a"",""subject"":""A产品"",""metric"":""销量"",""period"":""本期"",""unit"":""件"",""scope"":""演示产品""},{""id"":""product_b"",""subject"":""B产品"",""metric"":""销量"",""period"":""本期"",""unit"":""件"",""scope"":""演示产品""},{""id"":""spending"",""subject"":""总计"",""metric"":""支出"",""period"":""本期"",""unit"":""万元"",""scope"":""演示项目""},{""id"":""budget"",""subject"":""总计"",""metric"":""预算"",""period"":""本期"",""unit"":""万元"",""scope"":""演示项目""}]",,,,
lw-088-01,longword-07,quote,本期销售额为125万元,长文Word测试\长文测试_原始报告.docx,"[""p"", 88]","[{""id"":""sales_prev"",""subject"":""总计"",""metric"":""销售额"",""period"":""上期"",""unit"":""万元"",""scope"":""演示业务""},{""id"":""sales_current"",""subject"":""总计"",""metric"":""销售额"",""period"":""本期"",""unit"":""万元"",""scope"":""演示业务""},{""id"":""product_a"",""subject"":""A产品"",""metric"":""销量"",""period"":""本期"",""unit"":""件"",""scope"":""演示产品""},{""id"":""product_b"",""subject"":""B产品"",""metric"":""销量"",""period"":""本期"",""unit"":""件"",""scope"":""演示产品""},{""id"":""spending"",""subject"":""总计"",""metric"":""支出"",""period"":""本期"",""unit"":""万元"",""scope"":""演示项目""},{""id"":""budget"",""subject"":""总计"",""metric"":""预算"",""period"":""本期"",""unit"":""万元"",""scope"":""演示项目""}]",,,,
lw-088-02,longword-07,growth,较上期增长25%,长文Word测试\长文测试_原始报告.docx,"[""p"", 88]","[{""id"":""sales_prev"",""subject"":""总计"",""metric"":""销售额"",""period"":""上期"",""unit"":""万元"",""scope"":""演示业务""},{""id"":""sales_current"",""subject"":""总计"",""metric"":""销售额"",""period"":""本期"",""unit"":""万元"",""scope"":""演示业务""},{""id"":""product_a"",""subject"":""A产品"",""metric"":""销量"",""period"":""本期"",""unit"":""件"",""scope"":""演示产品""},{""id"":""product_b"",""subject"":""B产品"",""metric"":""销量"",""period"":""本期"",""unit"":""件"",""scope"":""演示产品""},{""id"":""spending"",""subject"":""总计"",""metric"":""支出"",""period"":""本期"",""unit"":""万元"",""scope"":""演示项目""},{""id"":""budget"",""subject"":""总计"",""metric"":""预算"",""period"":""本期"",""unit"":""万元"",""scope"":""演示项目""}]",,,,
lw-088-03,longword-07,threshold,超过120万元,长文Word测试\长文测试_原始报告.docx,"[""p"", 88]","[{""id"":""sales_prev"",""subject"":""总计"",""metric"":""销售额"",""period"":""上期"",""unit"":""万元"",""scope"":""演示业务""},{""id"":""sales_current"",""subject"":""总计"",""metric"":""销售额"",""period"":""本期"",""unit"":""万元"",""scope"":""演示业务""},{""id"":""product_a"",""subject"":""A产品"",""metric"":""销量"",""period"":""本期"",""unit"":""件"",""scope"":""演示产品""},{""id"":""product_b"",""subject"":""B产品"",""metric"":""销量"",""period"":""本期"",""unit"":""件"",""scope"":""演示产品""},{""id"":""spending"",""subject"":""总计"",""metric"":""支出"",""period"":""本期"",""unit"":""万元"",""scope"":""演示项目""},{""id"":""budget"",""subject"":""总计"",""metric"":""预算"",""period"":""本期"",""unit"":""万元"",""scope"":""演示项目""}]",,,,
lw-090-01,longword-07,growth,本期销售额较上期增长,长文Word测试\长文测试_原始报告.docx,"[""p"", 90]","[{""id"":""sales_prev"",""subject"":""总计"",""metric"":""销售额"",""period"":""上期"",""unit"":""万元"",""scope"":""演示业务""},{""id"":""sales_current"",""subject"":""总计"",""metric"":""销售额"",""period"":""本期"",""unit"":""万元"",""scope"":""演示业务""},{""id"":""product_a"",""subject"":""A产品"",""metric"":""销量"",""period"":""本期"",""unit"":""件"",""scope"":""演示产品""},{""id"":""product_b"",""subject"":""B产品"",""metric"":""销量"",""period"":""本期"",""unit"":""件"",""scope"":""演示产品""},{""id"":""spending"",""subject"":""总计"",""metric"":""支出"",""period"":""本期"",""unit"":""万元"",""scope"":""演示项目""},{""id"":""budget"",""subject"":""总计"",""metric"":""预算"",""period"":""本期"",""unit"":""万元"",""scope"":""演示项目""}]",,,,
lw-090-02,longword-07,threshold,本期销售额超过80万元,长文Word测试\长文测试_原始报告.docx,"[""p"", 90]","[{""id"":""sales_prev"",""subject"":""总计"",""metric"":""销售额"",""period"":""上期"",""unit"":""万元"",""scope"":""演示业务""},{""id"":""sales_current"",""subject"":""总计"",""metric"":""销售额"",""period"":""本期"",""unit"":""万元"",""scope"":""演示业务""},{""id"":""product_a"",""subject"":""A产品"",""metric"":""销量"",""period"":""本期"",""unit"":""件"",""scope"":""演示产品""},{""id"":""product_b"",""subject"":""B产品"",""metric"":""销量"",""period"":""本期"",""unit"":""件"",""scope"":""演示产品""},{""id"":""spending"",""subject"":""总计"",""metric"":""支出"",""period"":""本期"",""unit"":""万元"",""scope"":""演示项目""},{""id"":""budget"",""subject"":""总计"",""metric"":""预算"",""period"":""本期"",""unit"":""万元"",""scope"":""演示项目""}]",,,,
lw-091-01,longword-07,ranking,A产品销量最高,长文Word测试\长文测试_原始报告.docx,"[""p"", 91]","[{""id"":""sales_prev"",""subject"":""总计"",""metric"":""销售额"",""period"":""上期"",""unit"":""万元"",""scope"":""演示业务""},{""id"":""sales_current"",""subject"":""总计"",""metric"":""销售额"",""period"":""本期"",""unit"":""万元"",""scope"":""演示业务""},{""id"":""product_a"",""subject"":""A产品"",""metric"":""销量"",""period"":""本期"",""unit"":""件"",""scope"":""演示产品""},{""id"":""product_b"",""subject"":""B产品"",""metric"":""销量"",""period"":""本期"",""unit"":""件"",""scope"":""演示产品""},{""id"":""spending"",""subject"":""总计"",""metric"":""支出"",""period"":""本期"",""unit"":""万元"",""scope"":""演示项目""},{""id"":""budget"",""subject"":""总计"",""metric"":""预算"",""period"":""本期"",""unit"":""万元"",""scope"":""演示项目""}]",,,,
lw-091-02,longword-07,threshold,支出未超过预算,长文Word测试\长文测试_原始报告.docx,"[""p"", 91]","[{""id"":""sales_prev"",""subject"":""总计"",""metric"":""销售额"",""period"":""上期"",""unit"":""万元"",""scope"":""演示业务""},{""id"":""sales_current"",""subject"":""总计"",""metric"":""销售额"",""period"":""本期"",""unit"":""万元"",""scope"":""演示业务""},{""id"":""product_a"",""subject"":""A产品"",""metric"":""销量"",""period"":""本期"",""unit"":""件"",""scope"":""演示产品""},{""id"":""product_b"",""subject"":""B产品"",""metric"":""销量"",""period"":""本期"",""unit"":""件"",""scope"":""演示产品""},{""id"":""spending"",""subject"":""总计"",""metric"":""支出"",""period"":""本期"",""unit"":""万元"",""scope"":""演示项目""},{""id"":""budget"",""subject"":""总计"",""metric"":""预算"",""period"":""本期"",""unit"":""万元"",""scope"":""演示项目""}]",,,,
lw-092-01,longword-07,quote,本期支出为80万元,长文Word测试\长文测试_原始报告.docx,"[""p"", 92]","[{""id"":""sales_prev"",""subject"":""总计"",""metric"":""销售额"",""period"":""上期"",""unit"":""万元"",""scope"":""演示业务""},{""id"":""sales_current"",""subject"":""总计"",""metric"":""销售额"",""period"":""本期"",""unit"":""万元"",""scope"":""演示业务""},{""id"":""product_a"",""subject"":""A产品"",""metric"":""销量"",""period"":""本期"",""unit"":""件"",""scope"":""演示产品""},{""id"":""product_b"",""subject"":""B产品"",""metric"":""销量"",""period"":""本期"",""unit"":""件"",""scope"":""演示产品""},{""id"":""spending"",""subject"":""总计"",""metric"":""支出"",""period"":""本期"",""unit"":""万元"",""scope"":""演示项目""},{""id"":""budget"",""subject"":""总计"",""metric"":""预算"",""period"":""本期"",""unit"":""万元"",""scope"":""演示项目""}]",,,,
lw-092-02,longword-07,quote,本期预算为100万元,长文Word测试\长文测试_原始报告.docx,"[""p"", 92]","[{""id"":""sales_prev"",""subject"":""总计"",""metric"":""销售额"",""period"":""上期"",""unit"":""万元"",""scope"":""演示业务""},{""id"":""sales_current"",""subject"":""总计"",""metric"":""销售额"",""period"":""本期"",""unit"":""万元"",""scope"":""演示业务""},{""id"":""product_a"",""subject"":""A产品"",""metric"":""销量"",""period"":""本期"",""unit"":""件"",""scope"":""演示产品""},{""id"":""product_b"",""subject"":""B产品"",""metric"":""销量"",""period"":""本期"",""unit"":""件"",""scope"":""演示产品""},{""id"":""spending"",""subject"":""总计"",""metric"":""支出"",""period"":""本期"",""unit"":""万元"",""scope"":""演示项目""},{""id"":""budget"",""subject"":""总计"",""metric"":""预算"",""period"":""本期"",""unit"":""万元"",""scope"":""演示项目""}]",,,,
lw-094-01,longword-07,quote,本期销售额为125万元,长文Word测试\长文测试_原始报告.docx,"[""p"", 94]","[{""id"":""sales_prev"",""subject"":""总计"",""metric"":""销售额"",""period"":""上期"",""unit"":""万元"",""scope"":""演示业务""},{""id"":""sales_current"",""subject"":""总计"",""metric"":""销售额"",""period"":""本期"",""unit"":""万元"",""scope"":""演示业务""},{""id"":""product_a"",""subject"":""A产品"",""metric"":""销量"",""period"":""本期"",""unit"":""件"",""scope"":""演示产品""},{""id"":""product_b"",""subject"":""B产品"",""metric"":""销量"",""period"":""本期"",""unit"":""件"",""scope"":""演示产品""},{""id"":""spending"",""subject"":""总计"",""metric"":""支出"",""period"":""本期"",""unit"":""万元"",""scope"":""演示项目""},{""id"":""budget"",""subject"":""总计"",""metric"":""预算"",""period"":""本期"",""unit"":""万元"",""scope"":""演示项目""}]",,,,
lw-094-02,longword-07,threshold,本期支出低于100万元,长文Word测试\长文测试_原始报告.docx,"[""p"", 94]","[{""id"":""sales_prev"",""subject"":""总计"",""metric"":""销售额"",""period"":""上期"",""unit"":""万元"",""scope"":""演示业务""},{""id"":""sales_current"",""subject"":""总计"",""metric"":""销售额"",""period"":""本期"",""unit"":""万元"",""scope"":""演示业务""},{""id"":""product_a"",""subject"":""A产品"",""metric"":""销量"",""period"":""本期"",""unit"":""件"",""scope"":""演示产品""},{""id"":""product_b"",""subject"":""B产品"",""metric"":""销量"",""period"":""本期"",""unit"":""件"",""scope"":""演示产品""},{""id"":""spending"",""subject"":""总计"",""metric"":""支出"",""period"":""本期"",""unit"":""万元"",""scope"":""演示项目""},{""id"":""budget"",""subject"":""总计"",""metric"":""预算"",""period"":""本期"",""unit"":""万元"",""scope"":""演示项目""}]",,,,
lw-100-01,longword-08,quote,本期销售额为125万元,长文Word测试\长文测试_原始报告.docx,"[""p"", 100]","[{""id"":""sales_prev"",""subject"":""总计"",""metric"":""销售额"",""period"":""上期"",""unit"":""万元"",""scope"":""演示业务""},{""id"":""sales_current"",""subject"":""总计"",""metric"":""销售额"",""period"":""本期"",""unit"":""万元"",""scope"":""演示业务""},{""id"":""product_a"",""subject"":""A产品"",""metric"":""销量"",""period"":""本期"",""unit"":""件"",""scope"":""演示产品""},{""id"":""product_b"",""subject"":""B产品"",""metric"":""销量"",""period"":""本期"",""unit"":""件"",""scope"":""演示产品""},{""id"":""spending"",""subject"":""总计"",""metric"":""支出"",""period"":""本期"",""unit"":""万元"",""scope"":""演示项目""},{""id"":""budget"",""subject"":""总计"",""metric"":""预算"",""period"":""本期"",""unit"":""万元"",""scope"":""演示项目""}]",,,,
lw-100-02,longword-08,growth,较上期增长25%,长文Word测试\长文测试_原始报告.docx,"[""p"", 100]","[{""id"":""sales_prev"",""subject"":""总计"",""metric"":""销售额"",""period"":""上期"",""unit"":""万元"",""scope"":""演示业务""},{""id"":""sales_current"",""subject"":""总计"",""metric"":""销售额"",""period"":""本期"",""unit"":""万元"",""scope"":""演示业务""},{""id"":""product_a"",""subject"":""A产品"",""metric"":""销量"",""period"":""本期"",""unit"":""件"",""scope"":""演示产品""},{""id"":""product_b"",""subject"":""B产品"",""metric"":""销量"",""period"":""本期"",""unit"":""件"",""scope"":""演示产品""},{""id"":""spending"",""subject"":""总计"",""metric"":""支出"",""period"":""本期"",""unit"":""万元"",""scope"":""演示项目""},{""id"":""budget"",""subject"":""总计"",""metric"":""预算"",""period"":""本期"",""unit"":""万元"",""scope"":""演示项目""}]",,,,
lw-100-03,longword-08,threshold,超过120万元,长文Word测试\长文测试_原始报告.docx,"[""p"", 100]","[{""id"":""sales_prev"",""subject"":""总计"",""metric"":""销售额"",""period"":""上期"",""unit"":""万元"",""scope"":""演示业务""},{""id"":""sales_current"",""subject"":""总计"",""metric"":""销售额"",""period"":""本期"",""unit"":""万元"",""scope"":""演示业务""},{""id"":""product_a"",""subject"":""A产品"",""metric"":""销量"",""period"":""本期"",""unit"":""件"",""scope"":""演示产品""},{""id"":""product_b"",""subject"":""B产品"",""metric"":""销量"",""period"":""本期"",""unit"":""件"",""scope"":""演示产品""},{""id"":""spending"",""subject"":""总计"",""metric"":""支出"",""period"":""本期"",""unit"":""万元"",""scope"":""演示项目""},{""id"":""budget"",""subject"":""总计"",""metric"":""预算"",""period"":""本期"",""unit"":""万元"",""scope"":""演示项目""}]",,,,
lw-102-01,longword-08,growth,本期销售额较上期增长,长文Word测试\长文测试_原始报告.docx,"[""p"", 102]","[{""id"":""sales_prev"",""subject"":""总计"",""metric"":""销售额"",""period"":""上期"",""unit"":""万元"",""scope"":""演示业务""},{""id"":""sales_current"",""subject"":""总计"",""metric"":""销售额"",""period"":""本期"",""unit"":""万元"",""scope"":""演示业务""},{""id"":""product_a"",""subject"":""A产品"",""metric"":""销量"",""period"":""本期"",""unit"":""件"",""scope"":""演示产品""},{""id"":""product_b"",""subject"":""B产品"",""metric"":""销量"",""period"":""本期"",""unit"":""件"",""scope"":""演示产品""},{""id"":""spending"",""subject"":""总计"",""metric"":""支出"",""period"":""本期"",""unit"":""万元"",""scope"":""演示项目""},{""id"":""budget"",""subject"":""总计"",""metric"":""预算"",""period"":""本期"",""unit"":""万元"",""scope"":""演示项目""}]",,,,
lw-102-02,longword-08,threshold,本期销售额超过80万元,长文Word测试\长文测试_原始报告.docx,"[""p"", 102]","[{""id"":""sales_prev"",""subject"":""总计"",""metric"":""销售额"",""period"":""上期"",""unit"":""万元"",""scope"":""演示业务""},{""id"":""sales_current"",""subject"":""总计"",""metric"":""销售额"",""period"":""本期"",""unit"":""万元"",""scope"":""演示业务""},{""id"":""product_a"",""subject"":""A产品"",""metric"":""销量"",""period"":""本期"",""unit"":""件"",""scope"":""演示产品""},{""id"":""product_b"",""subject"":""B产品"",""metric"":""销量"",""period"":""本期"",""unit"":""件"",""scope"":""演示产品""},{""id"":""spending"",""subject"":""总计"",""metric"":""支出"",""period"":""本期"",""unit"":""万元"",""scope"":""演示项目""},{""id"":""budget"",""subject"":""总计"",""metric"":""预算"",""period"":""本期"",""unit"":""万元"",""scope"":""演示项目""}]",,,,
lw-103-01,longword-08,ranking,A产品销量最高,长文Word测试\长文测试_原始报告.docx,"[""p"", 103]","[{""id"":""sales_prev"",""subject"":""总计"",""metric"":""销售额"",""period"":""上期"",""unit"":""万元"",""scope"":""演示业务""},{""id"":""sales_current"",""subject"":""总计"",""metric"":""销售额"",""period"":""本期"",""unit"":""万元"",""scope"":""演示业务""},{""id"":""product_a"",""subject"":""A产品"",""metric"":""销量"",""period"":""本期"",""unit"":""件"",""scope"":""演示产品""},{""id"":""product_b"",""subject"":""B产品"",""metric"":""销量"",""period"":""本期"",""unit"":""件"",""scope"":""演示产品""},{""id"":""spending"",""subject"":""总计"",""metric"":""支出"",""period"":""本期"",""unit"":""万元"",""scope"":""演示项目""},{""id"":""budget"",""subject"":""总计"",""metric"":""预算"",""period"":""本期"",""unit"":""万元"",""scope"":""演示项目""}]",,,,
lw-103-02,longword-08,threshold,支出未超过预算,长文Word测试\长文测试_原始报告.docx,"[""p"", 103]","[{""id"":""sales_prev"",""subject"":""总计"",""metric"":""销售额"",""period"":""上期"",""unit"":""万元"",""scope"":""演示业务""},{""id"":""sales_current"",""subject"":""总计"",""metric"":""销售额"",""period"":""本期"",""unit"":""万元"",""scope"":""演示业务""},{""id"":""product_a"",""subject"":""A产品"",""metric"":""销量"",""period"":""本期"",""unit"":""件"",""scope"":""演示产品""},{""id"":""product_b"",""subject"":""B产品"",""metric"":""销量"",""period"":""本期"",""unit"":""件"",""scope"":""演示产品""},{""id"":""spending"",""subject"":""总计"",""metric"":""支出"",""period"":""本期"",""unit"":""万元"",""scope"":""演示项目""},{""id"":""budget"",""subject"":""总计"",""metric"":""预算"",""period"":""本期"",""unit"":""万元"",""scope"":""演示项目""}]",,,,
lw-104-01,longword-08,quote,本期支出为80万元,长文Word测试\长文测试_原始报告.docx,"[""p"", 104]","[{""id"":""sales_prev"",""subject"":""总计"",""metric"":""销售额"",""period"":""上期"",""unit"":""万元"",""scope"":""演示业务""},{""id"":""sales_current"",""subject"":""总计"",""metric"":""销售额"",""period"":""本期"",""unit"":""万元"",""scope"":""演示业务""},{""id"":""product_a"",""subject"":""A产品"",""metric"":""销量"",""period"":""本期"",""unit"":""件"",""scope"":""演示产品""},{""id"":""product_b"",""subject"":""B产品"",""metric"":""销量"",""period"":""本期"",""unit"":""件"",""scope"":""演示产品""},{""id"":""spending"",""subject"":""总计"",""metric"":""支出"",""period"":""本期"",""unit"":""万元"",""scope"":""演示项目""},{""id"":""budget"",""subject"":""总计"",""metric"":""预算"",""period"":""本期"",""unit"":""万元"",""scope"":""演示项目""}]",,,,
lw-104-02,longword-08,quote,本期预算为100万元,长文Word测试\长文测试_原始报告.docx,"[""p"", 104]","[{""id"":""sales_prev"",""subject"":""总计"",""metric"":""销售额"",""period"":""上期"",""unit"":""万元"",""scope"":""演示业务""},{""id"":""sales_current"",""subject"":""总计"",""metric"":""销售额"",""period"":""本期"",""unit"":""万元"",""scope"":""演示业务""},{""id"":""product_a"",""subject"":""A产品"",""metric"":""销量"",""period"":""本期"",""unit"":""件"",""scope"":""演示产品""},{""id"":""product_b"",""subject"":""B产品"",""metric"":""销量"",""period"":""本期"",""unit"":""件"",""scope"":""演示产品""},{""id"":""spending"",""subject"":""总计"",""metric"":""支出"",""period"":""本期"",""unit"":""万元"",""scope"":""演示项目""},{""id"":""budget"",""subject"":""总计"",""metric"":""预算"",""period"":""本期"",""unit"":""万元"",""scope"":""演示项目""}]",,,,
lw-106-01,longword-08,quote,本期销售额为125万元,长文Word测试\长文测试_原始报告.docx,"[""p"", 106]","[{""id"":""sales_prev"",""subject"":""总计"",""metric"":""销售额"",""period"":""上期"",""unit"":""万元"",""scope"":""演示业务""},{""id"":""sales_current"",""subject"":""总计"",""metric"":""销售额"",""period"":""本期"",""unit"":""万元"",""scope"":""演示业务""},{""id"":""product_a"",""subject"":""A产品"",""metric"":""销量"",""period"":""本期"",""unit"":""件"",""scope"":""演示产品""},{""id"":""product_b"",""subject"":""B产品"",""metric"":""销量"",""period"":""本期"",""unit"":""件"",""scope"":""演示产品""},{""id"":""spending"",""subject"":""总计"",""metric"":""支出"",""period"":""本期"",""unit"":""万元"",""scope"":""演示项目""},{""id"":""budget"",""subject"":""总计"",""metric"":""预算"",""period"":""本期"",""unit"":""万元"",""scope"":""演示项目""}]",,,,
lw-106-02,longword-08,threshold,本期支出低于100万元,长文Word测试\长文测试_原始报告.docx,"[""p"", 106]","[{""id"":""sales_prev"",""subject"":""总计"",""metric"":""销售额"",""period"":""上期"",""unit"":""万元"",""scope"":""演示业务""},{""id"":""sales_current"",""subject"":""总计"",""metric"":""销售额"",""period"":""本期"",""unit"":""万元"",""scope"":""演示业务""},{""id"":""product_a"",""subject"":""A产品"",""metric"":""销量"",""period"":""本期"",""unit"":""件"",""scope"":""演示产品""},{""id"":""product_b"",""subject"":""B产品"",""metric"":""销量"",""period"":""本期"",""unit"":""件"",""scope"":""演示产品""},{""id"":""spending"",""subject"":""总计"",""metric"":""支出"",""period"":""本期"",""unit"":""万元"",""scope"":""演示项目""},{""id"":""budget"",""subject"":""总计"",""metric"":""预算"",""period"":""本期"",""unit"":""万元"",""scope"":""演示项目""}]",,,,
lw-112-01,longword-09,quote,本期销售额为125万元,长文Word测试\长文测试_原始报告.docx,"[""p"", 112]","[{""id"":""sales_prev"",""subject"":""总计"",""metric"":""销售额"",""period"":""上期"",""unit"":""万元"",""scope"":""演示业务""},{""id"":""sales_current"",""subject"":""总计"",""metric"":""销售额"",""period"":""本期"",""unit"":""万元"",""scope"":""演示业务""},{""id"":""product_a"",""subject"":""A产品"",""metric"":""销量"",""period"":""本期"",""unit"":""件"",""scope"":""演示产品""},{""id"":""product_b"",""subject"":""B产品"",""metric"":""销量"",""period"":""本期"",""unit"":""件"",""scope"":""演示产品""},{""id"":""spending"",""subject"":""总计"",""metric"":""支出"",""period"":""本期"",""unit"":""万元"",""scope"":""演示项目""},{""id"":""budget"",""subject"":""总计"",""metric"":""预算"",""period"":""本期"",""unit"":""万元"",""scope"":""演示项目""}]",,,,
lw-112-02,longword-09,growth,较上期增长25%,长文Word测试\长文测试_原始报告.docx,"[""p"", 112]","[{""id"":""sales_prev"",""subject"":""总计"",""metric"":""销售额"",""period"":""上期"",""unit"":""万元"",""scope"":""演示业务""},{""id"":""sales_current"",""subject"":""总计"",""metric"":""销售额"",""period"":""本期"",""unit"":""万元"",""scope"":""演示业务""},{""id"":""product_a"",""subject"":""A产品"",""metric"":""销量"",""period"":""本期"",""unit"":""件"",""scope"":""演示产品""},{""id"":""product_b"",""subject"":""B产品"",""metric"":""销量"",""period"":""本期"",""unit"":""件"",""scope"":""演示产品""},{""id"":""spending"",""subject"":""总计"",""metric"":""支出"",""period"":""本期"",""unit"":""万元"",""scope"":""演示项目""},{""id"":""budget"",""subject"":""总计"",""metric"":""预算"",""period"":""本期"",""unit"":""万元"",""scope"":""演示项目""}]",,,,
lw-112-03,longword-09,threshold,超过120万元,长文Word测试\长文测试_原始报告.docx,"[""p"", 112]","[{""id"":""sales_prev"",""subject"":""总计"",""metric"":""销售额"",""period"":""上期"",""unit"":""万元"",""scope"":""演示业务""},{""id"":""sales_current"",""subject"":""总计"",""metric"":""销售额"",""period"":""本期"",""unit"":""万元"",""scope"":""演示业务""},{""id"":""product_a"",""subject"":""A产品"",""metric"":""销量"",""period"":""本期"",""unit"":""件"",""scope"":""演示产品""},{""id"":""product_b"",""subject"":""B产品"",""metric"":""销量"",""period"":""本期"",""unit"":""件"",""scope"":""演示产品""},{""id"":""spending"",""subject"":""总计"",""metric"":""支出"",""period"":""本期"",""unit"":""万元"",""scope"":""演示项目""},{""id"":""budget"",""subject"":""总计"",""metric"":""预算"",""period"":""本期"",""unit"":""万元"",""scope"":""演示项目""}]",,,,
lw-114-01,longword-09,growth,本期销售额较上期增长,长文Word测试\长文测试_原始报告.docx,"[""p"", 114]","[{""id"":""sales_prev"",""subject"":""总计"",""metric"":""销售额"",""period"":""上期"",""unit"":""万元"",""scope"":""演示业务""},{""id"":""sales_current"",""subject"":""总计"",""metric"":""销售额"",""period"":""本期"",""unit"":""万元"",""scope"":""演示业务""},{""id"":""product_a"",""subject"":""A产品"",""metric"":""销量"",""period"":""本期"",""unit"":""件"",""scope"":""演示产品""},{""id"":""product_b"",""subject"":""B产品"",""metric"":""销量"",""period"":""本期"",""unit"":""件"",""scope"":""演示产品""},{""id"":""spending"",""subject"":""总计"",""metric"":""支出"",""period"":""本期"",""unit"":""万元"",""scope"":""演示项目""},{""id"":""budget"",""subject"":""总计"",""metric"":""预算"",""period"":""本期"",""unit"":""万元"",""scope"":""演示项目""}]",,,,
lw-114-02,longword-09,threshold,本期销售额超过80万元,长文Word测试\长文测试_原始报告.docx,"[""p"", 114]","[{""id"":""sales_prev"",""subject"":""总计"",""metric"":""销售额"",""period"":""上期"",""unit"":""万元"",""scope"":""演示业务""},{""id"":""sales_current"",""subject"":""总计"",""metric"":""销售额"",""period"":""本期"",""unit"":""万元"",""scope"":""演示业务""},{""id"":""product_a"",""subject"":""A产品"",""metric"":""销量"",""period"":""本期"",""unit"":""件"",""scope"":""演示产品""},{""id"":""product_b"",""subject"":""B产品"",""metric"":""销量"",""period"":""本期"",""unit"":""件"",""scope"":""演示产品""},{""id"":""spending"",""subject"":""总计"",""metric"":""支出"",""period"":""本期"",""unit"":""万元"",""scope"":""演示项目""},{""id"":""budget"",""subject"":""总计"",""metric"":""预算"",""period"":""本期"",""unit"":""万元"",""scope"":""演示项目""}]",,,,
lw-115-01,longword-09,ranking,A产品销量最高,长文Word测试\长文测试_原始报告.docx,"[""p"", 115]","[{""id"":""sales_prev"",""subject"":""总计"",""metric"":""销售额"",""period"":""上期"",""unit"":""万元"",""scope"":""演示业务""},{""id"":""sales_current"",""subject"":""总计"",""metric"":""销售额"",""period"":""本期"",""unit"":""万元"",""scope"":""演示业务""},{""id"":""product_a"",""subject"":""A产品"",""metric"":""销量"",""period"":""本期"",""unit"":""件"",""scope"":""演示产品""},{""id"":""product_b"",""subject"":""B产品"",""metric"":""销量"",""period"":""本期"",""unit"":""件"",""scope"":""演示产品""},{""id"":""spending"",""subject"":""总计"",""metric"":""支出"",""period"":""本期"",""unit"":""万元"",""scope"":""演示项目""},{""id"":""budget"",""subject"":""总计"",""metric"":""预算"",""period"":""本期"",""unit"":""万元"",""scope"":""演示项目""}]",,,,
lw-115-02,longword-09,threshold,支出未超过预算,长文Word测试\长文测试_原始报告.docx,"[""p"", 115]","[{""id"":""sales_prev"",""subject"":""总计"",""metric"":""销售额"",""period"":""上期"",""unit"":""万元"",""scope"":""演示业务""},{""id"":""sales_current"",""subject"":""总计"",""metric"":""销售额"",""period"":""本期"",""unit"":""万元"",""scope"":""演示业务""},{""id"":""product_a"",""subject"":""A产品"",""metric"":""销量"",""period"":""本期"",""unit"":""件"",""scope"":""演示产品""},{""id"":""product_b"",""subject"":""B产品"",""metric"":""销量"",""period"":""本期"",""unit"":""件"",""scope"":""演示产品""},{""id"":""spending"",""subject"":""总计"",""metric"":""支出"",""period"":""本期"",""unit"":""万元"",""scope"":""演示项目""},{""id"":""budget"",""subject"":""总计"",""metric"":""预算"",""period"":""本期"",""unit"":""万元"",""scope"":""演示项目""}]",,,,
lw-116-01,longword-09,quote,本期支出为80万元,长文Word测试\长文测试_原始报告.docx,"[""p"", 116]","[{""id"":""sales_prev"",""subject"":""总计"",""metric"":""销售额"",""period"":""上期"",""unit"":""万元"",""scope"":""演示业务""},{""id"":""sales_current"",""subject"":""总计"",""metric"":""销售额"",""period"":""本期"",""unit"":""万元"",""scope"":""演示业务""},{""id"":""product_a"",""subject"":""A产品"",""metric"":""销量"",""period"":""本期"",""unit"":""件"",""scope"":""演示产品""},{""id"":""product_b"",""subject"":""B产品"",""metric"":""销量"",""period"":""本期"",""unit"":""件"",""scope"":""演示产品""},{""id"":""spending"",""subject"":""总计"",""metric"":""支出"",""period"":""本期"",""unit"":""万元"",""scope"":""演示项目""},{""id"":""budget"",""subject"":""总计"",""metric"":""预算"",""period"":""本期"",""unit"":""万元"",""scope"":""演示项目""}]",,,,
lw-116-02,longword-09,quote,本期预算为100万元,长文Word测试\长文测试_原始报告.docx,"[""p"", 116]","[{""id"":""sales_prev"",""subject"":""总计"",""metric"":""销售额"",""period"":""上期"",""unit"":""万元"",""scope"":""演示业务""},{""id"":""sales_current"",""subject"":""总计"",""metric"":""销售额"",""period"":""本期"",""unit"":""万元"",""scope"":""演示业务""},{""id"":""product_a"",""subject"":""A产品"",""metric"":""销量"",""period"":""本期"",""unit"":""件"",""scope"":""演示产品""},{""id"":""product_b"",""subject"":""B产品"",""metric"":""销量"",""period"":""本期"",""unit"":""件"",""scope"":""演示产品""},{""id"":""spending"",""subject"":""总计"",""metric"":""支出"",""period"":""本期"",""unit"":""万元"",""scope"":""演示项目""},{""id"":""budget"",""subject"":""总计"",""metric"":""预算"",""period"":""本期"",""unit"":""万元"",""scope"":""演示项目""}]",,,,
lw-118-01,longword-09,quote,本期销售额为125万元,长文Word测试\长文测试_原始报告.docx,"[""p"", 118]","[{""id"":""sales_prev"",""subject"":""总计"",""metric"":""销售额"",""period"":""上期"",""unit"":""万元"",""scope"":""演示业务""},{""id"":""sales_current"",""subject"":""总计"",""metric"":""销售额"",""period"":""本期"",""unit"":""万元"",""scope"":""演示业务""},{""id"":""product_a"",""subject"":""A产品"",""metric"":""销量"",""period"":""本期"",""unit"":""件"",""scope"":""演示产品""},{""id"":""product_b"",""subject"":""B产品"",""metric"":""销量"",""period"":""本期"",""unit"":""件"",""scope"":""演示产品""},{""id"":""spending"",""subject"":""总计"",""metric"":""支出"",""period"":""本期"",""unit"":""万元"",""scope"":""演示项目""},{""id"":""budget"",""subject"":""总计"",""metric"":""预算"",""period"":""本期"",""unit"":""万元"",""scope"":""演示项目""}]",,,,
lw-118-02,longword-09,threshold,本期支出低于100万元,长文Word测试\长文测试_原始报告.docx,"[""p"", 118]","[{""id"":""sales_prev"",""subject"":""总计"",""metric"":""销售额"",""period"":""上期"",""unit"":""万元"",""scope"":""演示业务""},{""id"":""sales_current"",""subject"":""总计"",""metric"":""销售额"",""period"":""本期"",""unit"":""万元"",""scope"":""演示业务""},{""id"":""product_a"",""subject"":""A产品"",""metric"":""销量"",""period"":""本期"",""unit"":""件"",""scope"":""演示产品""},{""id"":""product_b"",""subject"":""B产品"",""metric"":""销量"",""period"":""本期"",""unit"":""件"",""scope"":""演示产品""},{""id"":""spending"",""subject"":""总计"",""metric"":""支出"",""period"":""本期"",""unit"":""万元"",""scope"":""演示项目""},{""id"":""budget"",""subject"":""总计"",""metric"":""预算"",""period"":""本期"",""unit"":""万元"",""scope"":""演示项目""}]",,,,
lw-124-01,longword-09,quote,本期销售额为125万元,长文Word测试\长文测试_原始报告.docx,"[""p"", 124]","[{""id"":""sales_prev"",""subject"":""总计"",""metric"":""销售额"",""period"":""上期"",""unit"":""万元"",""scope"":""演示业务""},{""id"":""sales_current"",""subject"":""总计"",""metric"":""销售额"",""period"":""本期"",""unit"":""万元"",""scope"":""演示业务""},{""id"":""product_a"",""subject"":""A产品"",""metric"":""销量"",""period"":""本期"",""unit"":""件"",""scope"":""演示产品""},{""id"":""product_b"",""subject"":""B产品"",""metric"":""销量"",""period"":""本期"",""unit"":""件"",""scope"":""演示产品""},{""id"":""spending"",""subject"":""总计"",""metric"":""支出"",""period"":""本期"",""unit"":""万元"",""scope"":""演示项目""},{""id"":""budget"",""subject"":""总计"",""metric"":""预算"",""period"":""本期"",""unit"":""万元"",""scope"":""演示项目""}]",,,,
lw-124-02,longword-09,growth,较上期增长25%,长文Word测试\长文测试_原始报告.docx,"[""p"", 124]","[{""id"":""sales_prev"",""subject"":""总计"",""metric"":""销售额"",""period"":""上期"",""unit"":""万元"",""scope"":""演示业务""},{""id"":""sales_current"",""subject"":""总计"",""metric"":""销售额"",""period"":""本期"",""unit"":""万元"",""scope"":""演示业务""},{""id"":""product_a"",""subject"":""A产品"",""metric"":""销量"",""period"":""本期"",""unit"":""件"",""scope"":""演示产品""},{""id"":""product_b"",""subject"":""B产品"",""metric"":""销量"",""period"":""本期"",""unit"":""件"",""scope"":""演示产品""},{""id"":""spending"",""subject"":""总计"",""metric"":""支出"",""period"":""本期"",""unit"":""万元"",""scope"":""演示项目""},{""id"":""budget"",""subject"":""总计"",""metric"":""预算"",""period"":""本期"",""unit"":""万元"",""scope"":""演示项目""}]",,,,
lw-124-03,longword-09,threshold,超过120万元,长文Word测试\长文测试_原始报告.docx,"[""p"", 124]","[{""id"":""sales_prev"",""subject"":""总计"",""metric"":""销售额"",""period"":""上期"",""unit"":""万元"",""scope"":""演示业务""},{""id"":""sales_current"",""subject"":""总计"",""metric"":""销售额"",""period"":""本期"",""unit"":""万元"",""scope"":""演示业务""},{""id"":""product_a"",""subject"":""A产品"",""metric"":""销量"",""period"":""本期"",""unit"":""件"",""scope"":""演示产品""},{""id"":""product_b"",""subject"":""B产品"",""metric"":""销量"",""period"":""本期"",""unit"":""件"",""scope"":""演示产品""},{""id"":""spending"",""subject"":""总计"",""metric"":""支出"",""period"":""本期"",""unit"":""万元"",""scope"":""演示项目""},{""id"":""budget"",""subject"":""总计"",""metric"":""预算"",""period"":""本期"",""unit"":""万元"",""scope"":""演示项目""}]",,,,
lw-126-01,longword-10,growth,本期销售额较上期增长,长文Word测试\长文测试_原始报告.docx,"[""p"", 126]","[{""id"":""sales_prev"",""subject"":""总计"",""metric"":""销售额"",""period"":""上期"",""unit"":""万元"",""scope"":""演示业务""},{""id"":""sales_current"",""subject"":""总计"",""metric"":""销售额"",""period"":""本期"",""unit"":""万元"",""scope"":""演示业务""},{""id"":""product_a"",""subject"":""A产品"",""metric"":""销量"",""period"":""本期"",""unit"":""件"",""scope"":""演示产品""},{""id"":""product_b"",""subject"":""B产品"",""metric"":""销量"",""period"":""本期"",""unit"":""件"",""scope"":""演示产品""},{""id"":""spending"",""subject"":""总计"",""metric"":""支出"",""period"":""本期"",""unit"":""万元"",""scope"":""演示项目""},{""id"":""budget"",""subject"":""总计"",""metric"":""预算"",""period"":""本期"",""unit"":""万元"",""scope"":""演示项目""}]",,,,
lw-126-02,longword-10,threshold,本期销售额超过80万元,长文Word测试\长文测试_原始报告.docx,"[""p"", 126]","[{""id"":""sales_prev"",""subject"":""总计"",""metric"":""销售额"",""period"":""上期"",""unit"":""万元"",""scope"":""演示业务""},{""id"":""sales_current"",""subject"":""总计"",""metric"":""销售额"",""period"":""本期"",""unit"":""万元"",""scope"":""演示业务""},{""id"":""product_a"",""subject"":""A产品"",""metric"":""销量"",""period"":""本期"",""unit"":""件"",""scope"":""演示产品""},{""id"":""product_b"",""subject"":""B产品"",""metric"":""销量"",""period"":""本期"",""unit"":""件"",""scope"":""演示产品""},{""id"":""spending"",""subject"":""总计"",""metric"":""支出"",""period"":""本期"",""unit"":""万元"",""scope"":""演示项目""},{""id"":""budget"",""subject"":""总计"",""metric"":""预算"",""period"":""本期"",""unit"":""万元"",""scope"":""演示项目""}]",,,,
lw-127-01,longword-10,ranking,A产品销量最高,长文Word测试\长文测试_原始报告.docx,"[""p"", 127]","[{""id"":""sales_prev"",""subject"":""总计"",""metric"":""销售额"",""period"":""上期"",""unit"":""万元"",""scope"":""演示业务""},{""id"":""sales_current"",""subject"":""总计"",""metric"":""销售额"",""period"":""本期"",""unit"":""万元"",""scope"":""演示业务""},{""id"":""product_a"",""subject"":""A产品"",""metric"":""销量"",""period"":""本期"",""unit"":""件"",""scope"":""演示产品""},{""id"":""product_b"",""subject"":""B产品"",""metric"":""销量"",""period"":""本期"",""unit"":""件"",""scope"":""演示产品""},{""id"":""spending"",""subject"":""总计"",""metric"":""支出"",""period"":""本期"",""unit"":""万元"",""scope"":""演示项目""},{""id"":""budget"",""subject"":""总计"",""metric"":""预算"",""period"":""本期"",""unit"":""万元"",""scope"":""演示项目""}]",,,,
lw-127-02,longword-10,threshold,支出未超过预算,长文Word测试\长文测试_原始报告.docx,"[""p"", 127]","[{""id"":""sales_prev"",""subject"":""总计"",""metric"":""销售额"",""period"":""上期"",""unit"":""万元"",""scope"":""演示业务""},{""id"":""sales_current"",""subject"":""总计"",""metric"":""销售额"",""period"":""本期"",""unit"":""万元"",""scope"":""演示业务""},{""id"":""product_a"",""subject"":""A产品"",""metric"":""销量"",""period"":""本期"",""unit"":""件"",""scope"":""演示产品""},{""id"":""product_b"",""subject"":""B产品"",""metric"":""销量"",""period"":""本期"",""unit"":""件"",""scope"":""演示产品""},{""id"":""spending"",""subject"":""总计"",""metric"":""支出"",""period"":""本期"",""unit"":""万元"",""scope"":""演示项目""},{""id"":""budget"",""subject"":""总计"",""metric"":""预算"",""period"":""本期"",""unit"":""万元"",""scope"":""演示项目""}]",,,,
lw-128-01,longword-10,quote,本期支出为80万元,长文Word测试\长文测试_原始报告.docx,"[""p"", 128]","[{""id"":""sales_prev"",""subject"":""总计"",""metric"":""销售额"",""period"":""上期"",""unit"":""万元"",""scope"":""演示业务""},{""id"":""sales_current"",""subject"":""总计"",""metric"":""销售额"",""period"":""本期"",""unit"":""万元"",""scope"":""演示业务""},{""id"":""product_a"",""subject"":""A产品"",""metric"":""销量"",""period"":""本期"",""unit"":""件"",""scope"":""演示产品""},{""id"":""product_b"",""subject"":""B产品"",""metric"":""销量"",""period"":""本期"",""unit"":""件"",""scope"":""演示产品""},{""id"":""spending"",""subject"":""总计"",""metric"":""支出"",""period"":""本期"",""unit"":""万元"",""scope"":""演示项目""},{""id"":""budget"",""subject"":""总计"",""metric"":""预算"",""period"":""本期"",""unit"":""万元"",""scope"":""演示项目""}]",,,,
lw-128-02,longword-10,quote,本期预算为100万元,长文Word测试\长文测试_原始报告.docx,"[""p"", 128]","[{""id"":""sales_prev"",""subject"":""总计"",""metric"":""销售额"",""period"":""上期"",""unit"":""万元"",""scope"":""演示业务""},{""id"":""sales_current"",""subject"":""总计"",""metric"":""销售额"",""period"":""本期"",""unit"":""万元"",""scope"":""演示业务""},{""id"":""product_a"",""subject"":""A产品"",""metric"":""销量"",""period"":""本期"",""unit"":""件"",""scope"":""演示产品""},{""id"":""product_b"",""subject"":""B产品"",""metric"":""销量"",""period"":""本期"",""unit"":""件"",""scope"":""演示产品""},{""id"":""spending"",""subject"":""总计"",""metric"":""支出"",""period"":""本期"",""unit"":""万元"",""scope"":""演示项目""},{""id"":""budget"",""subject"":""总计"",""metric"":""预算"",""period"":""本期"",""unit"":""万元"",""scope"":""演示项目""}]",,,,
lw-130-01,longword-10,quote,本期销售额为125万元,长文Word测试\长文测试_原始报告.docx,"[""p"", 130]","[{""id"":""sales_prev"",""subject"":""总计"",""metric"":""销售额"",""period"":""上期"",""unit"":""万元"",""scope"":""演示业务""},{""id"":""sales_current"",""subject"":""总计"",""metric"":""销售额"",""period"":""本期"",""unit"":""万元"",""scope"":""演示业务""},{""id"":""product_a"",""subject"":""A产品"",""metric"":""销量"",""period"":""本期"",""unit"":""件"",""scope"":""演示产品""},{""id"":""product_b"",""subject"":""B产品"",""metric"":""销量"",""period"":""本期"",""unit"":""件"",""scope"":""演示产品""},{""id"":""spending"",""subject"":""总计"",""metric"":""支出"",""period"":""本期"",""unit"":""万元"",""scope"":""演示项目""},{""id"":""budget"",""subject"":""总计"",""metric"":""预算"",""period"":""本期"",""unit"":""万元"",""scope"":""演示项目""}]",,,,
lw-130-02,longword-10,threshold,本期支出低于100万元,长文Word测试\长文测试_原始报告.docx,"[""p"", 130]","[{""id"":""sales_prev"",""subject"":""总计"",""metric"":""销售额"",""period"":""上期"",""unit"":""万元"",""scope"":""演示业务""},{""id"":""sales_current"",""subject"":""总计"",""metric"":""销售额"",""period"":""本期"",""unit"":""万元"",""scope"":""演示业务""},{""id"":""product_a"",""subject"":""A产品"",""metric"":""销量"",""period"":""本期"",""unit"":""件"",""scope"":""演示产品""},{""id"":""product_b"",""subject"":""B产品"",""metric"":""销量"",""period"":""本期"",""unit"":""件"",""scope"":""演示产品""},{""id"":""spending"",""subject"":""总计"",""metric"":""支出"",""period"":""本期"",""unit"":""万元"",""scope"":""演示项目""},{""id"":""budget"",""subject"":""总计"",""metric"":""预算"",""period"":""本期"",""unit"":""万元"",""scope"":""演示项目""}]",,,,
lw-136-01,longword-10,quote,本期销售额为125万元,长文Word测试\长文测试_原始报告.docx,"[""p"", 136]","[{""id"":""sales_prev"",""subject"":""总计"",""metric"":""销售额"",""period"":""上期"",""unit"":""万元"",""scope"":""演示业务""},{""id"":""sales_current"",""subject"":""总计"",""metric"":""销售额"",""period"":""本期"",""unit"":""万元"",""scope"":""演示业务""},{""id"":""product_a"",""subject"":""A产品"",""metric"":""销量"",""period"":""本期"",""unit"":""件"",""scope"":""演示产品""},{""id"":""product_b"",""subject"":""B产品"",""metric"":""销量"",""period"":""本期"",""unit"":""件"",""scope"":""演示产品""},{""id"":""spending"",""subject"":""总计"",""metric"":""支出"",""period"":""本期"",""unit"":""万元"",""scope"":""演示项目""},{""id"":""budget"",""subject"":""总计"",""metric"":""预算"",""period"":""本期"",""unit"":""万元"",""scope"":""演示项目""}]",,,,
lw-136-02,longword-10,growth,较上期增长25%,长文Word测试\长文测试_原始报告.docx,"[""p"", 136]","[{""id"":""sales_prev"",""subject"":""总计"",""metric"":""销售额"",""period"":""上期"",""unit"":""万元"",""scope"":""演示业务""},{""id"":""sales_current"",""subject"":""总计"",""metric"":""销售额"",""period"":""本期"",""unit"":""万元"",""scope"":""演示业务""},{""id"":""product_a"",""subject"":""A产品"",""metric"":""销量"",""period"":""本期"",""unit"":""件"",""scope"":""演示产品""},{""id"":""product_b"",""subject"":""B产品"",""metric"":""销量"",""period"":""本期"",""unit"":""件"",""scope"":""演示产品""},{""id"":""spending"",""subject"":""总计"",""metric"":""支出"",""period"":""本期"",""unit"":""万元"",""scope"":""演示项目""},{""id"":""budget"",""subject"":""总计"",""metric"":""预算"",""period"":""本期"",""unit"":""万元"",""scope"":""演示项目""}]",,,,
lw-136-03,longword-10,threshold,超过120万元,长文Word测试\长文测试_原始报告.docx,"[""p"", 136]","[{""id"":""sales_prev"",""subject"":""总计"",""metric"":""销售额"",""period"":""上期"",""unit"":""万元"",""scope"":""演示业务""},{""id"":""sales_current"",""subject"":""总计"",""metric"":""销售额"",""period"":""本期"",""unit"":""万元"",""scope"":""演示业务""},{""id"":""product_a"",""subject"":""A产品"",""metric"":""销量"",""period"":""本期"",""unit"":""件"",""scope"":""演示产品""},{""id"":""product_b"",""subject"":""B产品"",""metric"":""销量"",""period"":""本期"",""unit"":""件"",""scope"":""演示产品""},{""id"":""spending"",""subject"":""总计"",""metric"":""支出"",""period"":""本期"",""unit"":""万元"",""scope"":""演示项目""},{""id"":""budget"",""subject"":""总计"",""metric"":""预算"",""period"":""本期"",""unit"":""万元"",""scope"":""演示项目""}]",,,,
lw-138-01,longword-10,growth,本期销售额较上期增长,长文Word测试\长文测试_原始报告.docx,"[""p"", 138]","[{""id"":""sales_prev"",""subject"":""总计"",""metric"":""销售额"",""period"":""上期"",""unit"":""万元"",""scope"":""演示业务""},{""id"":""sales_current"",""subject"":""总计"",""metric"":""销售额"",""period"":""本期"",""unit"":""万元"",""scope"":""演示业务""},{""id"":""product_a"",""subject"":""A产品"",""metric"":""销量"",""period"":""本期"",""unit"":""件"",""scope"":""演示产品""},{""id"":""product_b"",""subject"":""B产品"",""metric"":""销量"",""period"":""本期"",""unit"":""件"",""scope"":""演示产品""},{""id"":""spending"",""subject"":""总计"",""metric"":""支出"",""period"":""本期"",""unit"":""万元"",""scope"":""演示项目""},{""id"":""budget"",""subject"":""总计"",""metric"":""预算"",""period"":""本期"",""unit"":""万元"",""scope"":""演示项目""}]",,,,
lw-138-02,longword-10,threshold,本期销售额超过80万元,长文Word测试\长文测试_原始报告.docx,"[""p"", 138]","[{""id"":""sales_prev"",""subject"":""总计"",""metric"":""销售额"",""period"":""上期"",""unit"":""万元"",""scope"":""演示业务""},{""id"":""sales_current"",""subject"":""总计"",""metric"":""销售额"",""period"":""本期"",""unit"":""万元"",""scope"":""演示业务""},{""id"":""product_a"",""subject"":""A产品"",""metric"":""销量"",""period"":""本期"",""unit"":""件"",""scope"":""演示产品""},{""id"":""product_b"",""subject"":""B产品"",""metric"":""销量"",""period"":""本期"",""unit"":""件"",""scope"":""演示产品""},{""id"":""spending"",""subject"":""总计"",""metric"":""支出"",""period"":""本期"",""unit"":""万元"",""scope"":""演示项目""},{""id"":""budget"",""subject"":""总计"",""metric"":""预算"",""period"":""本期"",""unit"":""万元"",""scope"":""演示项目""}]",,,,
lw-139-01,longword-10,ranking,A产品销量最高,长文Word测试\长文测试_原始报告.docx,"[""p"", 139]","[{""id"":""sales_prev"",""subject"":""总计"",""metric"":""销售额"",""period"":""上期"",""unit"":""万元"",""scope"":""演示业务""},{""id"":""sales_current"",""subject"":""总计"",""metric"":""销售额"",""period"":""本期"",""unit"":""万元"",""scope"":""演示业务""},{""id"":""product_a"",""subject"":""A产品"",""metric"":""销量"",""period"":""本期"",""unit"":""件"",""scope"":""演示产品""},{""id"":""product_b"",""subject"":""B产品"",""metric"":""销量"",""period"":""本期"",""unit"":""件"",""scope"":""演示产品""},{""id"":""spending"",""subject"":""总计"",""metric"":""支出"",""period"":""本期"",""unit"":""万元"",""scope"":""演示项目""},{""id"":""budget"",""subject"":""总计"",""metric"":""预算"",""period"":""本期"",""unit"":""万元"",""scope"":""演示项目""}]",,,,
lw-139-02,longword-10,threshold,支出未超过预算,长文Word测试\长文测试_原始报告.docx,"[""p"", 139]","[{""id"":""sales_prev"",""subject"":""总计"",""metric"":""销售额"",""period"":""上期"",""unit"":""万元"",""scope"":""演示业务""},{""id"":""sales_current"",""subject"":""总计"",""metric"":""销售额"",""period"":""本期"",""unit"":""万元"",""scope"":""演示业务""},{""id"":""product_a"",""subject"":""A产品"",""metric"":""销量"",""period"":""本期"",""unit"":""件"",""scope"":""演示产品""},{""id"":""product_b"",""subject"":""B产品"",""metric"":""销量"",""period"":""本期"",""unit"":""件"",""scope"":""演示产品""},{""id"":""spending"",""subject"":""总计"",""metric"":""支出"",""period"":""本期"",""unit"":""万元"",""scope"":""演示项目""},{""id"":""budget"",""subject"":""总计"",""metric"":""预算"",""period"":""本期"",""unit"":""万元"",""scope"":""演示项目""}]",,,,
lw-140-01,longword-11,quote,本期支出为80万元,长文Word测试\长文测试_原始报告.docx,"[""p"", 140]","[{""id"":""sales_prev"",""subject"":""总计"",""metric"":""销售额"",""period"":""上期"",""unit"":""万元"",""scope"":""演示业务""},{""id"":""sales_current"",""subject"":""总计"",""metric"":""销售额"",""period"":""本期"",""unit"":""万元"",""scope"":""演示业务""},{""id"":""product_a"",""subject"":""A产品"",""metric"":""销量"",""period"":""本期"",""unit"":""件"",""scope"":""演示产品""},{""id"":""product_b"",""subject"":""B产品"",""metric"":""销量"",""period"":""本期"",""unit"":""件"",""scope"":""演示产品""},{""id"":""spending"",""subject"":""总计"",""metric"":""支出"",""period"":""本期"",""unit"":""万元"",""scope"":""演示项目""},{""id"":""budget"",""subject"":""总计"",""metric"":""预算"",""period"":""本期"",""unit"":""万元"",""scope"":""演示项目""}]",,,,
lw-140-02,longword-11,quote,本期预算为100万元,长文Word测试\长文测试_原始报告.docx,"[""p"", 140]","[{""id"":""sales_prev"",""subject"":""总计"",""metric"":""销售额"",""period"":""上期"",""unit"":""万元"",""scope"":""演示业务""},{""id"":""sales_current"",""subject"":""总计"",""metric"":""销售额"",""period"":""本期"",""unit"":""万元"",""scope"":""演示业务""},{""id"":""product_a"",""subject"":""A产品"",""metric"":""销量"",""period"":""本期"",""unit"":""件"",""scope"":""演示产品""},{""id"":""product_b"",""subject"":""B产品"",""metric"":""销量"",""period"":""本期"",""unit"":""件"",""scope"":""演示产品""},{""id"":""spending"",""subject"":""总计"",""metric"":""支出"",""period"":""本期"",""unit"":""万元"",""scope"":""演示项目""},{""id"":""budget"",""subject"":""总计"",""metric"":""预算"",""period"":""本期"",""unit"":""万元"",""scope"":""演示项目""}]",,,,
lw-142-01,longword-11,quote,本期销售额为125万元,长文Word测试\长文测试_原始报告.docx,"[""p"", 142]","[{""id"":""sales_prev"",""subject"":""总计"",""metric"":""销售额"",""period"":""上期"",""unit"":""万元"",""scope"":""演示业务""},{""id"":""sales_current"",""subject"":""总计"",""metric"":""销售额"",""period"":""本期"",""unit"":""万元"",""scope"":""演示业务""},{""id"":""product_a"",""subject"":""A产品"",""metric"":""销量"",""period"":""本期"",""unit"":""件"",""scope"":""演示产品""},{""id"":""product_b"",""subject"":""B产品"",""metric"":""销量"",""period"":""本期"",""unit"":""件"",""scope"":""演示产品""},{""id"":""spending"",""subject"":""总计"",""metric"":""支出"",""period"":""本期"",""unit"":""万元"",""scope"":""演示项目""},{""id"":""budget"",""subject"":""总计"",""metric"":""预算"",""period"":""本期"",""unit"":""万元"",""scope"":""演示项目""}]",,,,
lw-142-02,longword-11,threshold,本期支出低于100万元,长文Word测试\长文测试_原始报告.docx,"[""p"", 142]","[{""id"":""sales_prev"",""subject"":""总计"",""metric"":""销售额"",""period"":""上期"",""unit"":""万元"",""scope"":""演示业务""},{""id"":""sales_current"",""subject"":""总计"",""metric"":""销售额"",""period"":""本期"",""unit"":""万元"",""scope"":""演示业务""},{""id"":""product_a"",""subject"":""A产品"",""metric"":""销量"",""period"":""本期"",""unit"":""件"",""scope"":""演示产品""},{""id"":""product_b"",""subject"":""B产品"",""metric"":""销量"",""period"":""本期"",""unit"":""件"",""scope"":""演示产品""},{""id"":""spending"",""subject"":""总计"",""metric"":""支出"",""period"":""本期"",""unit"":""万元"",""scope"":""演示项目""},{""id"":""budget"",""subject"":""总计"",""metric"":""预算"",""period"":""本期"",""unit"":""万元"",""scope"":""演示项目""}]",,,,
lw-148-01,longword-11,quote,本期销售额为125万元,长文Word测试\长文测试_原始报告.docx,"[""p"", 148]","[{""id"":""sales_prev"",""subject"":""总计"",""metric"":""销售额"",""period"":""上期"",""unit"":""万元"",""scope"":""演示业务""},{""id"":""sales_current"",""subject"":""总计"",""metric"":""销售额"",""period"":""本期"",""unit"":""万元"",""scope"":""演示业务""},{""id"":""product_a"",""subject"":""A产品"",""metric"":""销量"",""period"":""本期"",""unit"":""件"",""scope"":""演示产品""},{""id"":""product_b"",""subject"":""B产品"",""metric"":""销量"",""period"":""本期"",""unit"":""件"",""scope"":""演示产品""},{""id"":""spending"",""subject"":""总计"",""metric"":""支出"",""period"":""本期"",""unit"":""万元"",""scope"":""演示项目""},{""id"":""budget"",""subject"":""总计"",""metric"":""预算"",""period"":""本期"",""unit"":""万元"",""scope"":""演示项目""}]",,,,
lw-148-02,longword-11,growth,较上期增长25%,长文Word测试\长文测试_原始报告.docx,"[""p"", 148]","[{""id"":""sales_prev"",""subject"":""总计"",""metric"":""销售额"",""period"":""上期"",""unit"":""万元"",""scope"":""演示业务""},{""id"":""sales_current"",""subject"":""总计"",""metric"":""销售额"",""period"":""本期"",""unit"":""万元"",""scope"":""演示业务""},{""id"":""product_a"",""subject"":""A产品"",""metric"":""销量"",""period"":""本期"",""unit"":""件"",""scope"":""演示产品""},{""id"":""product_b"",""subject"":""B产品"",""metric"":""销量"",""period"":""本期"",""unit"":""件"",""scope"":""演示产品""},{""id"":""spending"",""subject"":""总计"",""metric"":""支出"",""period"":""本期"",""unit"":""万元"",""scope"":""演示项目""},{""id"":""budget"",""subject"":""总计"",""metric"":""预算"",""period"":""本期"",""unit"":""万元"",""scope"":""演示项目""}]",,,,
lw-148-03,longword-11,threshold,超过120万元,长文Word测试\长文测试_原始报告.docx,"[""p"", 148]","[{""id"":""sales_prev"",""subject"":""总计"",""metric"":""销售额"",""period"":""上期"",""unit"":""万元"",""scope"":""演示业务""},{""id"":""sales_current"",""subject"":""总计"",""metric"":""销售额"",""period"":""本期"",""unit"":""万元"",""scope"":""演示业务""},{""id"":""product_a"",""subject"":""A产品"",""metric"":""销量"",""period"":""本期"",""unit"":""件"",""scope"":""演示产品""},{""id"":""product_b"",""subject"":""B产品"",""metric"":""销量"",""period"":""本期"",""unit"":""件"",""scope"":""演示产品""},{""id"":""spending"",""subject"":""总计"",""metric"":""支出"",""period"":""本期"",""unit"":""万元"",""scope"":""演示项目""},{""id"":""budget"",""subject"":""总计"",""metric"":""预算"",""period"":""本期"",""unit"":""万元"",""scope"":""演示项目""}]",,,,
lw-150-01,longword-11,growth,本期销售额较上期增长,长文Word测试\长文测试_原始报告.docx,"[""p"", 150]","[{""id"":""sales_prev"",""subject"":""总计"",""metric"":""销售额"",""period"":""上期"",""unit"":""万元"",""scope"":""演示业务""},{""id"":""sales_current"",""subject"":""总计"",""metric"":""销售额"",""period"":""本期"",""unit"":""万元"",""scope"":""演示业务""},{""id"":""product_a"",""subject"":""A产品"",""metric"":""销量"",""period"":""本期"",""unit"":""件"",""scope"":""演示产品""},{""id"":""product_b"",""subject"":""B产品"",""metric"":""销量"",""period"":""本期"",""unit"":""件"",""scope"":""演示产品""},{""id"":""spending"",""subject"":""总计"",""metric"":""支出"",""period"":""本期"",""unit"":""万元"",""scope"":""演示项目""},{""id"":""budget"",""subject"":""总计"",""metric"":""预算"",""period"":""本期"",""unit"":""万元"",""scope"":""演示项目""}]",,,,
lw-150-02,longword-11,threshold,本期销售额超过80万元,长文Word测试\长文测试_原始报告.docx,"[""p"", 150]","[{""id"":""sales_prev"",""subject"":""总计"",""metric"":""销售额"",""period"":""上期"",""unit"":""万元"",""scope"":""演示业务""},{""id"":""sales_current"",""subject"":""总计"",""metric"":""销售额"",""period"":""本期"",""unit"":""万元"",""scope"":""演示业务""},{""id"":""product_a"",""subject"":""A产品"",""metric"":""销量"",""period"":""本期"",""unit"":""件"",""scope"":""演示产品""},{""id"":""product_b"",""subject"":""B产品"",""metric"":""销量"",""period"":""本期"",""unit"":""件"",""scope"":""演示产品""},{""id"":""spending"",""subject"":""总计"",""metric"":""支出"",""period"":""本期"",""unit"":""万元"",""scope"":""演示项目""},{""id"":""budget"",""subject"":""总计"",""metric"":""预算"",""period"":""本期"",""unit"":""万元"",""scope"":""演示项目""}]",,,,
lw-151-01,longword-11,ranking,A产品销量最高,长文Word测试\长文测试_原始报告.docx,"[""p"", 151]","[{""id"":""sales_prev"",""subject"":""总计"",""metric"":""销售额"",""period"":""上期"",""unit"":""万元"",""scope"":""演示业务""},{""id"":""sales_current"",""subject"":""总计"",""metric"":""销售额"",""period"":""本期"",""unit"":""万元"",""scope"":""演示业务""},{""id"":""product_a"",""subject"":""A产品"",""metric"":""销量"",""period"":""本期"",""unit"":""件"",""scope"":""演示产品""},{""id"":""product_b"",""subject"":""B产品"",""metric"":""销量"",""period"":""本期"",""unit"":""件"",""scope"":""演示产品""},{""id"":""spending"",""subject"":""总计"",""metric"":""支出"",""period"":""本期"",""unit"":""万元"",""scope"":""演示项目""},{""id"":""budget"",""subject"":""总计"",""metric"":""预算"",""period"":""本期"",""unit"":""万元"",""scope"":""演示项目""}]",,,,
lw-151-02,longword-11,threshold,支出未超过预算,长文Word测试\长文测试_原始报告.docx,"[""p"", 151]","[{""id"":""sales_prev"",""subject"":""总计"",""metric"":""销售额"",""period"":""上期"",""unit"":""万元"",""scope"":""演示业务""},{""id"":""sales_current"",""subject"":""总计"",""metric"":""销售额"",""period"":""本期"",""unit"":""万元"",""scope"":""演示业务""},{""id"":""product_a"",""subject"":""A产品"",""metric"":""销量"",""period"":""本期"",""unit"":""件"",""scope"":""演示产品""},{""id"":""product_b"",""subject"":""B产品"",""metric"":""销量"",""period"":""本期"",""unit"":""件"",""scope"":""演示产品""},{""id"":""spending"",""subject"":""总计"",""metric"":""支出"",""period"":""本期"",""unit"":""万元"",""scope"":""演示项目""},{""id"":""budget"",""subject"":""总计"",""metric"":""预算"",""period"":""本期"",""unit"":""万元"",""scope"":""演示项目""}]",,,,
lw-152-01,longword-11,quote,本期支出为80万元,长文Word测试\长文测试_原始报告.docx,"[""p"", 152]","[{""id"":""sales_prev"",""subject"":""总计"",""metric"":""销售额"",""period"":""上期"",""unit"":""万元"",""scope"":""演示业务""},{""id"":""sales_current"",""subject"":""总计"",""metric"":""销售额"",""period"":""本期"",""unit"":""万元"",""scope"":""演示业务""},{""id"":""product_a"",""subject"":""A产品"",""metric"":""销量"",""period"":""本期"",""unit"":""件"",""scope"":""演示产品""},{""id"":""product_b"",""subject"":""B产品"",""metric"":""销量"",""period"":""本期"",""unit"":""件"",""scope"":""演示产品""},{""id"":""spending"",""subject"":""总计"",""metric"":""支出"",""period"":""本期"",""unit"":""万元"",""scope"":""演示项目""},{""id"":""budget"",""subject"":""总计"",""metric"":""预算"",""period"":""本期"",""unit"":""万元"",""scope"":""演示项目""}]",,,,
lw-152-02,longword-11,quote,本期预算为100万元,长文Word测试\长文测试_原始报告.docx,"[""p"", 152]","[{""id"":""sales_prev"",""subject"":""总计"",""metric"":""销售额"",""period"":""上期"",""unit"":""万元"",""scope"":""演示业务""},{""id"":""sales_current"",""subject"":""总计"",""metric"":""销售额"",""period"":""本期"",""unit"":""万元"",""scope"":""演示业务""},{""id"":""product_a"",""subject"":""A产品"",""metric"":""销量"",""period"":""本期"",""unit"":""件"",""scope"":""演示产品""},{""id"":""product_b"",""subject"":""B产品"",""metric"":""销量"",""period"":""本期"",""unit"":""件"",""scope"":""演示产品""},{""id"":""spending"",""subject"":""总计"",""metric"":""支出"",""period"":""本期"",""unit"":""万元"",""scope"":""演示项目""},{""id"":""budget"",""subject"":""总计"",""metric"":""预算"",""period"":""本期"",""unit"":""万元"",""scope"":""演示项目""}]",,,,
lw-154-01,longword-12,quote,本期销售额为125万元,长文Word测试\长文测试_原始报告.docx,"[""p"", 154]","[{""id"":""sales_prev"",""subject"":""总计"",""metric"":""销售额"",""period"":""上期"",""unit"":""万元"",""scope"":""演示业务""},{""id"":""sales_current"",""subject"":""总计"",""metric"":""销售额"",""period"":""本期"",""unit"":""万元"",""scope"":""演示业务""},{""id"":""product_a"",""subject"":""A产品"",""metric"":""销量"",""period"":""本期"",""unit"":""件"",""scope"":""演示产品""},{""id"":""product_b"",""subject"":""B产品"",""metric"":""销量"",""period"":""本期"",""unit"":""件"",""scope"":""演示产品""},{""id"":""spending"",""subject"":""总计"",""metric"":""支出"",""period"":""本期"",""unit"":""万元"",""scope"":""演示项目""},{""id"":""budget"",""subject"":""总计"",""metric"":""预算"",""period"":""本期"",""unit"":""万元"",""scope"":""演示项目""}]",,,,
lw-154-02,longword-12,threshold,本期支出低于100万元,长文Word测试\长文测试_原始报告.docx,"[""p"", 154]","[{""id"":""sales_prev"",""subject"":""总计"",""metric"":""销售额"",""period"":""上期"",""unit"":""万元"",""scope"":""演示业务""},{""id"":""sales_current"",""subject"":""总计"",""metric"":""销售额"",""period"":""本期"",""unit"":""万元"",""scope"":""演示业务""},{""id"":""product_a"",""subject"":""A产品"",""metric"":""销量"",""period"":""本期"",""unit"":""件"",""scope"":""演示产品""},{""id"":""product_b"",""subject"":""B产品"",""metric"":""销量"",""period"":""本期"",""unit"":""件"",""scope"":""演示产品""},{""id"":""spending"",""subject"":""总计"",""metric"":""支出"",""period"":""本期"",""unit"":""万元"",""scope"":""演示项目""},{""id"":""budget"",""subject"":""总计"",""metric"":""预算"",""period"":""本期"",""unit"":""万元"",""scope"":""演示项目""}]",,,,
lw-160-01,longword-12,quote,本期销售额为125万元,长文Word测试\长文测试_原始报告.docx,"[""p"", 160]","[{""id"":""sales_prev"",""subject"":""总计"",""metric"":""销售额"",""period"":""上期"",""unit"":""万元"",""scope"":""演示业务""},{""id"":""sales_current"",""subject"":""总计"",""metric"":""销售额"",""period"":""本期"",""unit"":""万元"",""scope"":""演示业务""},{""id"":""product_a"",""subject"":""A产品"",""metric"":""销量"",""period"":""本期"",""unit"":""件"",""scope"":""演示产品""},{""id"":""product_b"",""subject"":""B产品"",""metric"":""销量"",""period"":""本期"",""unit"":""件"",""scope"":""演示产品""},{""id"":""spending"",""subject"":""总计"",""metric"":""支出"",""period"":""本期"",""unit"":""万元"",""scope"":""演示项目""},{""id"":""budget"",""subject"":""总计"",""metric"":""预算"",""period"":""本期"",""unit"":""万元"",""scope"":""演示项目""}]",,,,
lw-160-02,longword-12,growth,较上期增长25%,长文Word测试\长文测试_原始报告.docx,"[""p"", 160]","[{""id"":""sales_prev"",""subject"":""总计"",""metric"":""销售额"",""period"":""上期"",""unit"":""万元"",""scope"":""演示业务""},{""id"":""sales_current"",""subject"":""总计"",""metric"":""销售额"",""period"":""本期"",""unit"":""万元"",""scope"":""演示业务""},{""id"":""product_a"",""subject"":""A产品"",""metric"":""销量"",""period"":""本期"",""unit"":""件"",""scope"":""演示产品""},{""id"":""product_b"",""subject"":""B产品"",""metric"":""销量"",""period"":""本期"",""unit"":""件"",""scope"":""演示产品""},{""id"":""spending"",""subject"":""总计"",""metric"":""支出"",""period"":""本期"",""unit"":""万元"",""scope"":""演示项目""},{""id"":""budget"",""subject"":""总计"",""metric"":""预算"",""period"":""本期"",""unit"":""万元"",""scope"":""演示项目""}]",,,,
lw-160-03,longword-12,threshold,超过120万元,长文Word测试\长文测试_原始报告.docx,"[""p"", 160]","[{""id"":""sales_prev"",""subject"":""总计"",""metric"":""销售额"",""period"":""上期"",""unit"":""万元"",""scope"":""演示业务""},{""id"":""sales_current"",""subject"":""总计"",""metric"":""销售额"",""period"":""本期"",""unit"":""万元"",""scope"":""演示业务""},{""id"":""product_a"",""subject"":""A产品"",""metric"":""销量"",""period"":""本期"",""unit"":""件"",""scope"":""演示产品""},{""id"":""product_b"",""subject"":""B产品"",""metric"":""销量"",""period"":""本期"",""unit"":""件"",""scope"":""演示产品""},{""id"":""spending"",""subject"":""总计"",""metric"":""支出"",""period"":""本期"",""unit"":""万元"",""scope"":""演示项目""},{""id"":""budget"",""subject"":""总计"",""metric"":""预算"",""period"":""本期"",""unit"":""万元"",""scope"":""演示项目""}]",,,,
lw-162-01,longword-12,growth,本期销售额较上期增长,长文Word测试\长文测试_原始报告.docx,"[""p"", 162]","[{""id"":""sales_prev"",""subject"":""总计"",""metric"":""销售额"",""period"":""上期"",""unit"":""万元"",""scope"":""演示业务""},{""id"":""sales_current"",""subject"":""总计"",""metric"":""销售额"",""period"":""本期"",""unit"":""万元"",""scope"":""演示业务""},{""id"":""product_a"",""subject"":""A产品"",""metric"":""销量"",""period"":""本期"",""unit"":""件"",""scope"":""演示产品""},{""id"":""product_b"",""subject"":""B产品"",""metric"":""销量"",""period"":""本期"",""unit"":""件"",""scope"":""演示产品""},{""id"":""spending"",""subject"":""总计"",""metric"":""支出"",""period"":""本期"",""unit"":""万元"",""scope"":""演示项目""},{""id"":""budget"",""subject"":""总计"",""metric"":""预算"",""period"":""本期"",""unit"":""万元"",""scope"":""演示项目""}]",,,,
lw-162-02,longword-12,threshold,本期销售额超过80万元,长文Word测试\长文测试_原始报告.docx,"[""p"", 162]","[{""id"":""sales_prev"",""subject"":""总计"",""metric"":""销售额"",""period"":""上期"",""unit"":""万元"",""scope"":""演示业务""},{""id"":""sales_current"",""subject"":""总计"",""metric"":""销售额"",""period"":""本期"",""unit"":""万元"",""scope"":""演示业务""},{""id"":""product_a"",""subject"":""A产品"",""metric"":""销量"",""period"":""本期"",""unit"":""件"",""scope"":""演示产品""},{""id"":""product_b"",""subject"":""B产品"",""metric"":""销量"",""period"":""本期"",""unit"":""件"",""scope"":""演示产品""},{""id"":""spending"",""subject"":""总计"",""metric"":""支出"",""period"":""本期"",""unit"":""万元"",""scope"":""演示项目""},{""id"":""budget"",""subject"":""总计"",""metric"":""预算"",""period"":""本期"",""unit"":""万元"",""scope"":""演示项目""}]",,,,
lw-163-01,longword-12,ranking,A产品销量最高,长文Word测试\长文测试_原始报告.docx,"[""p"", 163]","[{""id"":""sales_prev"",""subject"":""总计"",""metric"":""销售额"",""period"":""上期"",""unit"":""万元"",""scope"":""演示业务""},{""id"":""sales_current"",""subject"":""总计"",""metric"":""销售额"",""period"":""本期"",""unit"":""万元"",""scope"":""演示业务""},{""id"":""product_a"",""subject"":""A产品"",""metric"":""销量"",""period"":""本期"",""unit"":""件"",""scope"":""演示产品""},{""id"":""product_b"",""subject"":""B产品"",""metric"":""销量"",""period"":""本期"",""unit"":""件"",""scope"":""演示产品""},{""id"":""spending"",""subject"":""总计"",""metric"":""支出"",""period"":""本期"",""unit"":""万元"",""scope"":""演示项目""},{""id"":""budget"",""subject"":""总计"",""metric"":""预算"",""period"":""本期"",""unit"":""万元"",""scope"":""演示项目""}]",,,,
lw-163-02,longword-12,threshold,支出未超过预算,长文Word测试\长文测试_原始报告.docx,"[""p"", 163]","[{""id"":""sales_prev"",""subject"":""总计"",""metric"":""销售额"",""period"":""上期"",""unit"":""万元"",""scope"":""演示业务""},{""id"":""sales_current"",""subject"":""总计"",""metric"":""销售额"",""period"":""本期"",""unit"":""万元"",""scope"":""演示业务""},{""id"":""product_a"",""subject"":""A产品"",""metric"":""销量"",""period"":""本期"",""unit"":""件"",""scope"":""演示产品""},{""id"":""product_b"",""subject"":""B产品"",""metric"":""销量"",""period"":""本期"",""unit"":""件"",""scope"":""演示产品""},{""id"":""spending"",""subject"":""总计"",""metric"":""支出"",""period"":""本期"",""unit"":""万元"",""scope"":""演示项目""},{""id"":""budget"",""subject"":""总计"",""metric"":""预算"",""period"":""本期"",""unit"":""万元"",""scope"":""演示项目""}]",,,,
lw-164-01,longword-12,quote,本期支出为80万元,长文Word测试\长文测试_原始报告.docx,"[""p"", 164]","[{""id"":""sales_prev"",""subject"":""总计"",""metric"":""销售额"",""period"":""上期"",""unit"":""万元"",""scope"":""演示业务""},{""id"":""sales_current"",""subject"":""总计"",""metric"":""销售额"",""period"":""本期"",""unit"":""万元"",""scope"":""演示业务""},{""id"":""product_a"",""subject"":""A产品"",""metric"":""销量"",""period"":""本期"",""unit"":""件"",""scope"":""演示产品""},{""id"":""product_b"",""subject"":""B产品"",""metric"":""销量"",""period"":""本期"",""unit"":""件"",""scope"":""演示产品""},{""id"":""spending"",""subject"":""总计"",""metric"":""支出"",""period"":""本期"",""unit"":""万元"",""scope"":""演示项目""},{""id"":""budget"",""subject"":""总计"",""metric"":""预算"",""period"":""本期"",""unit"":""万元"",""scope"":""演示项目""}]",,,,
lw-164-02,longword-12,quote,本期预算为100万元,长文Word测试\长文测试_原始报告.docx,"[""p"", 164]","[{""id"":""sales_prev"",""subject"":""总计"",""metric"":""销售额"",""period"":""上期"",""unit"":""万元"",""scope"":""演示业务""},{""id"":""sales_current"",""subject"":""总计"",""metric"":""销售额"",""period"":""本期"",""unit"":""万元"",""scope"":""演示业务""},{""id"":""product_a"",""subject"":""A产品"",""metric"":""销量"",""period"":""本期"",""unit"":""件"",""scope"":""演示产品""},{""id"":""product_b"",""subject"":""B产品"",""metric"":""销量"",""period"":""本期"",""unit"":""件"",""scope"":""演示产品""},{""id"":""spending"",""subject"":""总计"",""metric"":""支出"",""period"":""本期"",""unit"":""万元"",""scope"":""演示项目""},{""id"":""budget"",""subject"":""总计"",""metric"":""预算"",""period"":""本期"",""unit"":""万元"",""scope"":""演示项目""}]",,,,
lw-166-01,longword-12,quote,本期销售额为125万元,长文Word测试\长文测试_原始报告.docx,"[""p"", 166]","[{""id"":""sales_prev"",""subject"":""总计"",""metric"":""销售额"",""period"":""上期"",""unit"":""万元"",""scope"":""演示业务""},{""id"":""sales_current"",""subject"":""总计"",""metric"":""销售额"",""period"":""本期"",""unit"":""万元"",""scope"":""演示业务""},{""id"":""product_a"",""subject"":""A产品"",""metric"":""销量"",""period"":""本期"",""unit"":""件"",""scope"":""演示产品""},{""id"":""product_b"",""subject"":""B产品"",""metric"":""销量"",""period"":""本期"",""unit"":""件"",""scope"":""演示产品""},{""id"":""spending"",""subject"":""总计"",""metric"":""支出"",""period"":""本期"",""unit"":""万元"",""scope"":""演示项目""},{""id"":""budget"",""subject"":""总计"",""metric"":""预算"",""period"":""本期"",""unit"":""万元"",""scope"":""演示项目""}]",,,,
lw-166-02,longword-12,threshold,本期支出低于100万元,长文Word测试\长文测试_原始报告.docx,"[""p"", 166]","[{""id"":""sales_prev"",""subject"":""总计"",""metric"":""销售额"",""period"":""上期"",""unit"":""万元"",""scope"":""演示业务""},{""id"":""sales_current"",""subject"":""总计"",""metric"":""销售额"",""period"":""本期"",""unit"":""万元"",""scope"":""演示业务""},{""id"":""product_a"",""subject"":""A产品"",""metric"":""销量"",""period"":""本期"",""unit"":""件"",""scope"":""演示产品""},{""id"":""product_b"",""subject"":""B产品"",""metric"":""销量"",""period"":""本期"",""unit"":""件"",""scope"":""演示产品""},{""id"":""spending"",""subject"":""总计"",""metric"":""支出"",""period"":""本期"",""unit"":""万元"",""scope"":""演示项目""},{""id"":""budget"",""subject"":""总计"",""metric"":""预算"",""period"":""本期"",""unit"":""万元"",""scope"":""演示项目""}]",,,,
lw-172-01,longword-13,quote,本期销售额为125万元,长文Word测试\长文测试_原始报告.docx,"[""p"", 172]","[{""id"":""sales_prev"",""subject"":""总计"",""metric"":""销售额"",""period"":""上期"",""unit"":""万元"",""scope"":""演示业务""},{""id"":""sales_current"",""subject"":""总计"",""metric"":""销售额"",""period"":""本期"",""unit"":""万元"",""scope"":""演示业务""},{""id"":""product_a"",""subject"":""A产品"",""metric"":""销量"",""period"":""本期"",""unit"":""件"",""scope"":""演示产品""},{""id"":""product_b"",""subject"":""B产品"",""metric"":""销量"",""period"":""本期"",""unit"":""件"",""scope"":""演示产品""},{""id"":""spending"",""subject"":""总计"",""metric"":""支出"",""period"":""本期"",""unit"":""万元"",""scope"":""演示项目""},{""id"":""budget"",""subject"":""总计"",""metric"":""预算"",""period"":""本期"",""unit"":""万元"",""scope"":""演示项目""}]",,,,
lw-172-02,longword-13,growth,较上期增长25%,长文Word测试\长文测试_原始报告.docx,"[""p"", 172]","[{""id"":""sales_prev"",""subject"":""总计"",""metric"":""销售额"",""period"":""上期"",""unit"":""万元"",""scope"":""演示业务""},{""id"":""sales_current"",""subject"":""总计"",""metric"":""销售额"",""period"":""本期"",""unit"":""万元"",""scope"":""演示业务""},{""id"":""product_a"",""subject"":""A产品"",""metric"":""销量"",""period"":""本期"",""unit"":""件"",""scope"":""演示产品""},{""id"":""product_b"",""subject"":""B产品"",""metric"":""销量"",""period"":""本期"",""unit"":""件"",""scope"":""演示产品""},{""id"":""spending"",""subject"":""总计"",""metric"":""支出"",""period"":""本期"",""unit"":""万元"",""scope"":""演示项目""},{""id"":""budget"",""subject"":""总计"",""metric"":""预算"",""period"":""本期"",""unit"":""万元"",""scope"":""演示项目""}]",,,,
lw-172-03,longword-13,threshold,超过120万元,长文Word测试\长文测试_原始报告.docx,"[""p"", 172]","[{""id"":""sales_prev"",""subject"":""总计"",""metric"":""销售额"",""period"":""上期"",""unit"":""万元"",""scope"":""演示业务""},{""id"":""sales_current"",""subject"":""总计"",""metric"":""销售额"",""period"":""本期"",""unit"":""万元"",""scope"":""演示业务""},{""id"":""product_a"",""subject"":""A产品"",""metric"":""销量"",""period"":""本期"",""unit"":""件"",""scope"":""演示产品""},{""id"":""product_b"",""subject"":""B产品"",""metric"":""销量"",""period"":""本期"",""unit"":""件"",""scope"":""演示产品""},{""id"":""spending"",""subject"":""总计"",""metric"":""支出"",""period"":""本期"",""unit"":""万元"",""scope"":""演示项目""},{""id"":""budget"",""subject"":""总计"",""metric"":""预算"",""period"":""本期"",""unit"":""万元"",""scope"":""演示项目""}]",,,,
lw-174-01,longword-13,growth,本期销售额较上期增长,长文Word测试\长文测试_原始报告.docx,"[""p"", 174]","[{""id"":""sales_prev"",""subject"":""总计"",""metric"":""销售额"",""period"":""上期"",""unit"":""万元"",""scope"":""演示业务""},{""id"":""sales_current"",""subject"":""总计"",""metric"":""销售额"",""period"":""本期"",""unit"":""万元"",""scope"":""演示业务""},{""id"":""product_a"",""subject"":""A产品"",""metric"":""销量"",""period"":""本期"",""unit"":""件"",""scope"":""演示产品""},{""id"":""product_b"",""subject"":""B产品"",""metric"":""销量"",""period"":""本期"",""unit"":""件"",""scope"":""演示产品""},{""id"":""spending"",""subject"":""总计"",""metric"":""支出"",""period"":""本期"",""unit"":""万元"",""scope"":""演示项目""},{""id"":""budget"",""subject"":""总计"",""metric"":""预算"",""period"":""本期"",""unit"":""万元"",""scope"":""演示项目""}]",,,,
lw-174-02,longword-13,threshold,本期销售额超过80万元,长文Word测试\长文测试_原始报告.docx,"[""p"", 174]","[{""id"":""sales_prev"",""subject"":""总计"",""metric"":""销售额"",""period"":""上期"",""unit"":""万元"",""scope"":""演示业务""},{""id"":""sales_current"",""subject"":""总计"",""metric"":""销售额"",""period"":""本期"",""unit"":""万元"",""scope"":""演示业务""},{""id"":""product_a"",""subject"":""A产品"",""metric"":""销量"",""period"":""本期"",""unit"":""件"",""scope"":""演示产品""},{""id"":""product_b"",""subject"":""B产品"",""metric"":""销量"",""period"":""本期"",""unit"":""件"",""scope"":""演示产品""},{""id"":""spending"",""subject"":""总计"",""metric"":""支出"",""period"":""本期"",""unit"":""万元"",""scope"":""演示项目""},{""id"":""budget"",""subject"":""总计"",""metric"":""预算"",""period"":""本期"",""unit"":""万元"",""scope"":""演示项目""}]",,,,
lw-175-01,longword-13,ranking,A产品销量最高,长文Word测试\长文测试_原始报告.docx,"[""p"", 175]","[{""id"":""sales_prev"",""subject"":""总计"",""metric"":""销售额"",""period"":""上期"",""unit"":""万元"",""scope"":""演示业务""},{""id"":""sales_current"",""subject"":""总计"",""metric"":""销售额"",""period"":""本期"",""unit"":""万元"",""scope"":""演示业务""},{""id"":""product_a"",""subject"":""A产品"",""metric"":""销量"",""period"":""本期"",""unit"":""件"",""scope"":""演示产品""},{""id"":""product_b"",""subject"":""B产品"",""metric"":""销量"",""period"":""本期"",""unit"":""件"",""scope"":""演示产品""},{""id"":""spending"",""subject"":""总计"",""metric"":""支出"",""period"":""本期"",""unit"":""万元"",""scope"":""演示项目""},{""id"":""budget"",""subject"":""总计"",""metric"":""预算"",""period"":""本期"",""unit"":""万元"",""scope"":""演示项目""}]",,,,
lw-175-02,longword-13,threshold,支出未超过预算,长文Word测试\长文测试_原始报告.docx,"[""p"", 175]","[{""id"":""sales_prev"",""subject"":""总计"",""metric"":""销售额"",""period"":""上期"",""unit"":""万元"",""scope"":""演示业务""},{""id"":""sales_current"",""subject"":""总计"",""metric"":""销售额"",""period"":""本期"",""unit"":""万元"",""scope"":""演示业务""},{""id"":""product_a"",""subject"":""A产品"",""metric"":""销量"",""period"":""本期"",""unit"":""件"",""scope"":""演示产品""},{""id"":""product_b"",""subject"":""B产品"",""metric"":""销量"",""period"":""本期"",""unit"":""件"",""scope"":""演示产品""},{""id"":""spending"",""subject"":""总计"",""metric"":""支出"",""period"":""本期"",""unit"":""万元"",""scope"":""演示项目""},{""id"":""budget"",""subject"":""总计"",""metric"":""预算"",""period"":""本期"",""unit"":""万元"",""scope"":""演示项目""}]",,,,
lw-176-01,longword-13,quote,本期支出为80万元,长文Word测试\长文测试_原始报告.docx,"[""p"", 176]","[{""id"":""sales_prev"",""subject"":""总计"",""metric"":""销售额"",""period"":""上期"",""unit"":""万元"",""scope"":""演示业务""},{""id"":""sales_current"",""subject"":""总计"",""metric"":""销售额"",""period"":""本期"",""unit"":""万元"",""scope"":""演示业务""},{""id"":""product_a"",""subject"":""A产品"",""metric"":""销量"",""period"":""本期"",""unit"":""件"",""scope"":""演示产品""},{""id"":""product_b"",""subject"":""B产品"",""metric"":""销量"",""period"":""本期"",""unit"":""件"",""scope"":""演示产品""},{""id"":""spending"",""subject"":""总计"",""metric"":""支出"",""period"":""本期"",""unit"":""万元"",""scope"":""演示项目""},{""id"":""budget"",""subject"":""总计"",""metric"":""预算"",""period"":""本期"",""unit"":""万元"",""scope"":""演示项目""}]",,,,
lw-176-02,longword-13,quote,本期预算为100万元,长文Word测试\长文测试_原始报告.docx,"[""p"", 176]","[{""id"":""sales_prev"",""subject"":""总计"",""metric"":""销售额"",""period"":""上期"",""unit"":""万元"",""scope"":""演示业务""},{""id"":""sales_current"",""subject"":""总计"",""metric"":""销售额"",""period"":""本期"",""unit"":""万元"",""scope"":""演示业务""},{""id"":""product_a"",""subject"":""A产品"",""metric"":""销量"",""period"":""本期"",""unit"":""件"",""scope"":""演示产品""},{""id"":""product_b"",""subject"":""B产品"",""metric"":""销量"",""period"":""本期"",""unit"":""件"",""scope"":""演示产品""},{""id"":""spending"",""subject"":""总计"",""metric"":""支出"",""period"":""本期"",""unit"":""万元"",""scope"":""演示项目""},{""id"":""budget"",""subject"":""总计"",""metric"":""预算"",""period"":""本期"",""unit"":""万元"",""scope"":""演示项目""}]",,,,
lw-178-01,longword-13,quote,本期销售额为125万元,长文Word测试\长文测试_原始报告.docx,"[""p"", 178]","[{""id"":""sales_prev"",""subject"":""总计"",""metric"":""销售额"",""period"":""上期"",""unit"":""万元"",""scope"":""演示业务""},{""id"":""sales_current"",""subject"":""总计"",""metric"":""销售额"",""period"":""本期"",""unit"":""万元"",""scope"":""演示业务""},{""id"":""product_a"",""subject"":""A产品"",""metric"":""销量"",""period"":""本期"",""unit"":""件"",""scope"":""演示产品""},{""id"":""product_b"",""subject"":""B产品"",""metric"":""销量"",""period"":""本期"",""unit"":""件"",""scope"":""演示产品""},{""id"":""spending"",""subject"":""总计"",""metric"":""支出"",""period"":""本期"",""unit"":""万元"",""scope"":""演示项目""},{""id"":""budget"",""subject"":""总计"",""metric"":""预算"",""period"":""本期"",""unit"":""万元"",""scope"":""演示项目""}]",,,,
lw-178-02,longword-13,threshold,本期支出低于100万元,长文Word测试\长文测试_原始报告.docx,"[""p"", 178]","[{""id"":""sales_prev"",""subject"":""总计"",""metric"":""销售额"",""period"":""上期"",""unit"":""万元"",""scope"":""演示业务""},{""id"":""sales_current"",""subject"":""总计"",""metric"":""销售额"",""period"":""本期"",""unit"":""万元"",""scope"":""演示业务""},{""id"":""product_a"",""subject"":""A产品"",""metric"":""销量"",""period"":""本期"",""unit"":""件"",""scope"":""演示产品""},{""id"":""product_b"",""subject"":""B产品"",""metric"":""销量"",""period"":""本期"",""unit"":""件"",""scope"":""演示产品""},{""id"":""spending"",""subject"":""总计"",""metric"":""支出"",""period"":""本期"",""unit"":""万元"",""scope"":""演示项目""},{""id"":""budget"",""subject"":""总计"",""metric"":""预算"",""period"":""本期"",""unit"":""万元"",""scope"":""演示项目""}]",,,,
lw-184-01,longword-14,quote,本期销售额为125万元,长文Word测试\长文测试_原始报告.docx,"[""p"", 184]","[{""id"":""sales_prev"",""subject"":""总计"",""metric"":""销售额"",""period"":""上期"",""unit"":""万元"",""scope"":""演示业务""},{""id"":""sales_current"",""subject"":""总计"",""metric"":""销售额"",""period"":""本期"",""unit"":""万元"",""scope"":""演示业务""},{""id"":""product_a"",""subject"":""A产品"",""metric"":""销量"",""period"":""本期"",""unit"":""件"",""scope"":""演示产品""},{""id"":""product_b"",""subject"":""B产品"",""metric"":""销量"",""period"":""本期"",""unit"":""件"",""scope"":""演示产品""},{""id"":""spending"",""subject"":""总计"",""metric"":""支出"",""period"":""本期"",""unit"":""万元"",""scope"":""演示项目""},{""id"":""budget"",""subject"":""总计"",""metric"":""预算"",""period"":""本期"",""unit"":""万元"",""scope"":""演示项目""}]",,,,
lw-184-02,longword-14,growth,较上期增长25%,长文Word测试\长文测试_原始报告.docx,"[""p"", 184]","[{""id"":""sales_prev"",""subject"":""总计"",""metric"":""销售额"",""period"":""上期"",""unit"":""万元"",""scope"":""演示业务""},{""id"":""sales_current"",""subject"":""总计"",""metric"":""销售额"",""period"":""本期"",""unit"":""万元"",""scope"":""演示业务""},{""id"":""product_a"",""subject"":""A产品"",""metric"":""销量"",""period"":""本期"",""unit"":""件"",""scope"":""演示产品""},{""id"":""product_b"",""subject"":""B产品"",""metric"":""销量"",""period"":""本期"",""unit"":""件"",""scope"":""演示产品""},{""id"":""spending"",""subject"":""总计"",""metric"":""支出"",""period"":""本期"",""unit"":""万元"",""scope"":""演示项目""},{""id"":""budget"",""subject"":""总计"",""metric"":""预算"",""period"":""本期"",""unit"":""万元"",""scope"":""演示项目""}]",,,,
lw-184-03,longword-14,threshold,超过120万元,长文Word测试\长文测试_原始报告.docx,"[""p"", 184]","[{""id"":""sales_prev"",""subject"":""总计"",""metric"":""销售额"",""period"":""上期"",""unit"":""万元"",""scope"":""演示业务""},{""id"":""sales_current"",""subject"":""总计"",""metric"":""销售额"",""period"":""本期"",""unit"":""万元"",""scope"":""演示业务""},{""id"":""product_a"",""subject"":""A产品"",""metric"":""销量"",""period"":""本期"",""unit"":""件"",""scope"":""演示产品""},{""id"":""product_b"",""subject"":""B产品"",""metric"":""销量"",""period"":""本期"",""unit"":""件"",""scope"":""演示产品""},{""id"":""spending"",""subject"":""总计"",""metric"":""支出"",""period"":""本期"",""unit"":""万元"",""scope"":""演示项目""},{""id"":""budget"",""subject"":""总计"",""metric"":""预算"",""period"":""本期"",""unit"":""万元"",""scope"":""演示项目""}]",,,,
lw-186-01,longword-14,growth,本期销售额较上期增长,长文Word测试\长文测试_原始报告.docx,"[""p"", 186]","[{""id"":""sales_prev"",""subject"":""总计"",""metric"":""销售额"",""period"":""上期"",""unit"":""万元"",""scope"":""演示业务""},{""id"":""sales_current"",""subject"":""总计"",""metric"":""销售额"",""period"":""本期"",""unit"":""万元"",""scope"":""演示业务""},{""id"":""product_a"",""subject"":""A产品"",""metric"":""销量"",""period"":""本期"",""unit"":""件"",""scope"":""演示产品""},{""id"":""product_b"",""subject"":""B产品"",""metric"":""销量"",""period"":""本期"",""unit"":""件"",""scope"":""演示产品""},{""id"":""spending"",""subject"":""总计"",""metric"":""支出"",""period"":""本期"",""unit"":""万元"",""scope"":""演示项目""},{""id"":""budget"",""subject"":""总计"",""metric"":""预算"",""period"":""本期"",""unit"":""万元"",""scope"":""演示项目""}]",,,,
lw-186-02,longword-14,threshold,本期销售额超过80万元,长文Word测试\长文测试_原始报告.docx,"[""p"", 186]","[{""id"":""sales_prev"",""subject"":""总计"",""metric"":""销售额"",""period"":""上期"",""unit"":""万元"",""scope"":""演示业务""},{""id"":""sales_current"",""subject"":""总计"",""metric"":""销售额"",""period"":""本期"",""unit"":""万元"",""scope"":""演示业务""},{""id"":""product_a"",""subject"":""A产品"",""metric"":""销量"",""period"":""本期"",""unit"":""件"",""scope"":""演示产品""},{""id"":""product_b"",""subject"":""B产品"",""metric"":""销量"",""period"":""本期"",""unit"":""件"",""scope"":""演示产品""},{""id"":""spending"",""subject"":""总计"",""metric"":""支出"",""period"":""本期"",""unit"":""万元"",""scope"":""演示项目""},{""id"":""budget"",""subject"":""总计"",""metric"":""预算"",""period"":""本期"",""unit"":""万元"",""scope"":""演示项目""}]",,,,
lw-187-01,longword-14,ranking,A产品销量最高,长文Word测试\长文测试_原始报告.docx,"[""p"", 187]","[{""id"":""sales_prev"",""subject"":""总计"",""metric"":""销售额"",""period"":""上期"",""unit"":""万元"",""scope"":""演示业务""},{""id"":""sales_current"",""subject"":""总计"",""metric"":""销售额"",""period"":""本期"",""unit"":""万元"",""scope"":""演示业务""},{""id"":""product_a"",""subject"":""A产品"",""metric"":""销量"",""period"":""本期"",""unit"":""件"",""scope"":""演示产品""},{""id"":""product_b"",""subject"":""B产品"",""metric"":""销量"",""period"":""本期"",""unit"":""件"",""scope"":""演示产品""},{""id"":""spending"",""subject"":""总计"",""metric"":""支出"",""period"":""本期"",""unit"":""万元"",""scope"":""演示项目""},{""id"":""budget"",""subject"":""总计"",""metric"":""预算"",""period"":""本期"",""unit"":""万元"",""scope"":""演示项目""}]",,,,
lw-187-02,longword-14,threshold,支出未超过预算,长文Word测试\长文测试_原始报告.docx,"[""p"", 187]","[{""id"":""sales_prev"",""subject"":""总计"",""metric"":""销售额"",""period"":""上期"",""unit"":""万元"",""scope"":""演示业务""},{""id"":""sales_current"",""subject"":""总计"",""metric"":""销售额"",""period"":""本期"",""unit"":""万元"",""scope"":""演示业务""},{""id"":""product_a"",""subject"":""A产品"",""metric"":""销量"",""period"":""本期"",""unit"":""件"",""scope"":""演示产品""},{""id"":""product_b"",""subject"":""B产品"",""metric"":""销量"",""period"":""本期"",""unit"":""件"",""scope"":""演示产品""},{""id"":""spending"",""subject"":""总计"",""metric"":""支出"",""period"":""本期"",""unit"":""万元"",""scope"":""演示项目""},{""id"":""budget"",""subject"":""总计"",""metric"":""预算"",""period"":""本期"",""unit"":""万元"",""scope"":""演示项目""}]",,,,
lw-188-01,longword-14,quote,本期支出为80万元,长文Word测试\长文测试_原始报告.docx,"[""p"", 188]","[{""id"":""sales_prev"",""subject"":""总计"",""metric"":""销售额"",""period"":""上期"",""unit"":""万元"",""scope"":""演示业务""},{""id"":""sales_current"",""subject"":""总计"",""metric"":""销售额"",""period"":""本期"",""unit"":""万元"",""scope"":""演示业务""},{""id"":""product_a"",""subject"":""A产品"",""metric"":""销量"",""period"":""本期"",""unit"":""件"",""scope"":""演示产品""},{""id"":""product_b"",""subject"":""B产品"",""metric"":""销量"",""period"":""本期"",""unit"":""件"",""scope"":""演示产品""},{""id"":""spending"",""subject"":""总计"",""metric"":""支出"",""period"":""本期"",""unit"":""万元"",""scope"":""演示项目""},{""id"":""budget"",""subject"":""总计"",""metric"":""预算"",""period"":""本期"",""unit"":""万元"",""scope"":""演示项目""}]",,,,
lw-188-02,longword-14,quote,本期预算为100万元,长文Word测试\长文测试_原始报告.docx,"[""p"", 188]","[{""id"":""sales_prev"",""subject"":""总计"",""metric"":""销售额"",""period"":""上期"",""unit"":""万元"",""scope"":""演示业务""},{""id"":""sales_current"",""subject"":""总计"",""metric"":""销售额"",""period"":""本期"",""unit"":""万元"",""scope"":""演示业务""},{""id"":""product_a"",""subject"":""A产品"",""metric"":""销量"",""period"":""本期"",""unit"":""件"",""scope"":""演示产品""},{""id"":""product_b"",""subject"":""B产品"",""metric"":""销量"",""period"":""本期"",""unit"":""件"",""scope"":""演示产品""},{""id"":""spending"",""subject"":""总计"",""metric"":""支出"",""period"":""本期"",""unit"":""万元"",""scope"":""演示项目""},{""id"":""budget"",""subject"":""总计"",""metric"":""预算"",""period"":""本期"",""unit"":""万元"",""scope"":""演示项目""}]",,,,
lw-190-01,longword-14,quote,本期销售额为125万元,长文Word测试\长文测试_原始报告.docx,"[""p"", 190]","[{""id"":""sales_prev"",""subject"":""总计"",""metric"":""销售额"",""period"":""上期"",""unit"":""万元"",""scope"":""演示业务""},{""id"":""sales_current"",""subject"":""总计"",""metric"":""销售额"",""period"":""本期"",""unit"":""万元"",""scope"":""演示业务""},{""id"":""product_a"",""subject"":""A产品"",""metric"":""销量"",""period"":""本期"",""unit"":""件"",""scope"":""演示产品""},{""id"":""product_b"",""subject"":""B产品"",""metric"":""销量"",""period"":""本期"",""unit"":""件"",""scope"":""演示产品""},{""id"":""spending"",""subject"":""总计"",""metric"":""支出"",""period"":""本期"",""unit"":""万元"",""scope"":""演示项目""},{""id"":""budget"",""subject"":""总计"",""metric"":""预算"",""period"":""本期"",""unit"":""万元"",""scope"":""演示项目""}]",,,,
lw-190-02,longword-14,threshold,本期支出低于100万元,长文Word测试\长文测试_原始报告.docx,"[""p"", 190]","[{""id"":""sales_prev"",""subject"":""总计"",""metric"":""销售额"",""period"":""上期"",""unit"":""万元"",""scope"":""演示业务""},{""id"":""sales_current"",""subject"":""总计"",""metric"":""销售额"",""period"":""本期"",""unit"":""万元"",""scope"":""演示业务""},{""id"":""product_a"",""subject"":""A产品"",""metric"":""销量"",""period"":""本期"",""unit"":""件"",""scope"":""演示产品""},{""id"":""product_b"",""subject"":""B产品"",""metric"":""销量"",""period"":""本期"",""unit"":""件"",""scope"":""演示产品""},{""id"":""spending"",""subject"":""总计"",""metric"":""支出"",""period"":""本期"",""unit"":""万元"",""scope"":""演示项目""},{""id"":""budget"",""subject"":""总计"",""metric"":""预算"",""period"":""本期"",""unit"":""万元"",""scope"":""演示项目""}]",,,,
lw-196-01,longword-15,quote,本期销售额为125万元,长文Word测试\长文测试_原始报告.docx,"[""p"", 196]","[{""id"":""sales_prev"",""subject"":""总计"",""metric"":""销售额"",""period"":""上期"",""unit"":""万元"",""scope"":""演示业务""},{""id"":""sales_current"",""subject"":""总计"",""metric"":""销售额"",""period"":""本期"",""unit"":""万元"",""scope"":""演示业务""},{""id"":""product_a"",""subject"":""A产品"",""metric"":""销量"",""period"":""本期"",""unit"":""件"",""scope"":""演示产品""},{""id"":""product_b"",""subject"":""B产品"",""metric"":""销量"",""period"":""本期"",""unit"":""件"",""scope"":""演示产品""},{""id"":""spending"",""subject"":""总计"",""metric"":""支出"",""period"":""本期"",""unit"":""万元"",""scope"":""演示项目""},{""id"":""budget"",""subject"":""总计"",""metric"":""预算"",""period"":""本期"",""unit"":""万元"",""scope"":""演示项目""}]",,,,
lw-196-02,longword-15,growth,较上期增长25%,长文Word测试\长文测试_原始报告.docx,"[""p"", 196]","[{""id"":""sales_prev"",""subject"":""总计"",""metric"":""销售额"",""period"":""上期"",""unit"":""万元"",""scope"":""演示业务""},{""id"":""sales_current"",""subject"":""总计"",""metric"":""销售额"",""period"":""本期"",""unit"":""万元"",""scope"":""演示业务""},{""id"":""product_a"",""subject"":""A产品"",""metric"":""销量"",""period"":""本期"",""unit"":""件"",""scope"":""演示产品""},{""id"":""product_b"",""subject"":""B产品"",""metric"":""销量"",""period"":""本期"",""unit"":""件"",""scope"":""演示产品""},{""id"":""spending"",""subject"":""总计"",""metric"":""支出"",""period"":""本期"",""unit"":""万元"",""scope"":""演示项目""},{""id"":""budget"",""subject"":""总计"",""metric"":""预算"",""period"":""本期"",""unit"":""万元"",""scope"":""演示项目""}]",,,,
lw-196-03,longword-15,threshold,超过120万元,长文Word测试\长文测试_原始报告.docx,"[""p"", 196]","[{""id"":""sales_prev"",""subject"":""总计"",""metric"":""销售额"",""period"":""上期"",""unit"":""万元"",""scope"":""演示业务""},{""id"":""sales_current"",""subject"":""总计"",""metric"":""销售额"",""period"":""本期"",""unit"":""万元"",""scope"":""演示业务""},{""id"":""product_a"",""subject"":""A产品"",""metric"":""销量"",""period"":""本期"",""unit"":""件"",""scope"":""演示产品""},{""id"":""product_b"",""subject"":""B产品"",""metric"":""销量"",""period"":""本期"",""unit"":""件"",""scope"":""演示产品""},{""id"":""spending"",""subject"":""总计"",""metric"":""支出"",""period"":""本期"",""unit"":""万元"",""scope"":""演示项目""},{""id"":""budget"",""subject"":""总计"",""metric"":""预算"",""period"":""本期"",""unit"":""万元"",""scope"":""演示项目""}]",,,,
lw-198-01,longword-15,growth,本期销售额较上期增长,长文Word测试\长文测试_原始报告.docx,"[""p"", 198]","[{""id"":""sales_prev"",""subject"":""总计"",""metric"":""销售额"",""period"":""上期"",""unit"":""万元"",""scope"":""演示业务""},{""id"":""sales_current"",""subject"":""总计"",""metric"":""销售额"",""period"":""本期"",""unit"":""万元"",""scope"":""演示业务""},{""id"":""product_a"",""subject"":""A产品"",""metric"":""销量"",""period"":""本期"",""unit"":""件"",""scope"":""演示产品""},{""id"":""product_b"",""subject"":""B产品"",""metric"":""销量"",""period"":""本期"",""unit"":""件"",""scope"":""演示产品""},{""id"":""spending"",""subject"":""总计"",""metric"":""支出"",""period"":""本期"",""unit"":""万元"",""scope"":""演示项目""},{""id"":""budget"",""subject"":""总计"",""metric"":""预算"",""period"":""本期"",""unit"":""万元"",""scope"":""演示项目""}]",,,,
lw-198-02,longword-15,threshold,本期销售额超过80万元,长文Word测试\长文测试_原始报告.docx,"[""p"", 198]","[{""id"":""sales_prev"",""subject"":""总计"",""metric"":""销售额"",""period"":""上期"",""unit"":""万元"",""scope"":""演示业务""},{""id"":""sales_current"",""subject"":""总计"",""metric"":""销售额"",""period"":""本期"",""unit"":""万元"",""scope"":""演示业务""},{""id"":""product_a"",""subject"":""A产品"",""metric"":""销量"",""period"":""本期"",""unit"":""件"",""scope"":""演示产品""},{""id"":""product_b"",""subject"":""B产品"",""metric"":""销量"",""period"":""本期"",""unit"":""件"",""scope"":""演示产品""},{""id"":""spending"",""subject"":""总计"",""metric"":""支出"",""period"":""本期"",""unit"":""万元"",""scope"":""演示项目""},{""id"":""budget"",""subject"":""总计"",""metric"":""预算"",""period"":""本期"",""unit"":""万元"",""scope"":""演示项目""}]",,,,
lw-199-01,longword-15,ranking,A产品销量最高,长文Word测试\长文测试_原始报告.docx,"[""p"", 199]","[{""id"":""sales_prev"",""subject"":""总计"",""metric"":""销售额"",""period"":""上期"",""unit"":""万元"",""scope"":""演示业务""},{""id"":""sales_current"",""subject"":""总计"",""metric"":""销售额"",""period"":""本期"",""unit"":""万元"",""scope"":""演示业务""},{""id"":""product_a"",""subject"":""A产品"",""metric"":""销量"",""period"":""本期"",""unit"":""件"",""scope"":""演示产品""},{""id"":""product_b"",""subject"":""B产品"",""metric"":""销量"",""period"":""本期"",""unit"":""件"",""scope"":""演示产品""},{""id"":""spending"",""subject"":""总计"",""metric"":""支出"",""period"":""本期"",""unit"":""万元"",""scope"":""演示项目""},{""id"":""budget"",""subject"":""总计"",""metric"":""预算"",""period"":""本期"",""unit"":""万元"",""scope"":""演示项目""}]",,,,
lw-199-02,longword-15,threshold,支出未超过预算,长文Word测试\长文测试_原始报告.docx,"[""p"", 199]","[{""id"":""sales_prev"",""subject"":""总计"",""metric"":""销售额"",""period"":""上期"",""unit"":""万元"",""scope"":""演示业务""},{""id"":""sales_current"",""subject"":""总计"",""metric"":""销售额"",""period"":""本期"",""unit"":""万元"",""scope"":""演示业务""},{""id"":""product_a"",""subject"":""A产品"",""metric"":""销量"",""period"":""本期"",""unit"":""件"",""scope"":""演示产品""},{""id"":""product_b"",""subject"":""B产品"",""metric"":""销量"",""period"":""本期"",""unit"":""件"",""scope"":""演示产品""},{""id"":""spending"",""subject"":""总计"",""metric"":""支出"",""period"":""本期"",""unit"":""万元"",""scope"":""演示项目""},{""id"":""budget"",""subject"":""总计"",""metric"":""预算"",""period"":""本期"",""unit"":""万元"",""scope"":""演示项目""}]",,,,
lw-200-01,longword-15,quote,本期支出为80万元,长文Word测试\长文测试_原始报告.docx,"[""p"", 200]","[{""id"":""sales_prev"",""subject"":""总计"",""metric"":""销售额"",""period"":""上期"",""unit"":""万元"",""scope"":""演示业务""},{""id"":""sales_current"",""subject"":""总计"",""metric"":""销售额"",""period"":""本期"",""unit"":""万元"",""scope"":""演示业务""},{""id"":""product_a"",""subject"":""A产品"",""metric"":""销量"",""period"":""本期"",""unit"":""件"",""scope"":""演示产品""},{""id"":""product_b"",""subject"":""B产品"",""metric"":""销量"",""period"":""本期"",""unit"":""件"",""scope"":""演示产品""},{""id"":""spending"",""subject"":""总计"",""metric"":""支出"",""period"":""本期"",""unit"":""万元"",""scope"":""演示项目""},{""id"":""budget"",""subject"":""总计"",""metric"":""预算"",""period"":""本期"",""unit"":""万元"",""scope"":""演示项目""}]",,,,
lw-200-02,longword-15,quote,本期预算为100万元,长文Word测试\长文测试_原始报告.docx,"[""p"", 200]","[{""id"":""sales_prev"",""subject"":""总计"",""metric"":""销售额"",""period"":""上期"",""unit"":""万元"",""scope"":""演示业务""},{""id"":""sales_current"",""subject"":""总计"",""metric"":""销售额"",""period"":""本期"",""unit"":""万元"",""scope"":""演示业务""},{""id"":""product_a"",""subject"":""A产品"",""metric"":""销量"",""period"":""本期"",""unit"":""件"",""scope"":""演示产品""},{""id"":""product_b"",""subject"":""B产品"",""metric"":""销量"",""period"":""本期"",""unit"":""件"",""scope"":""演示产品""},{""id"":""spending"",""subject"":""总计"",""metric"":""支出"",""period"":""本期"",""unit"":""万元"",""scope"":""演示项目""},{""id"":""budget"",""subject"":""总计"",""metric"":""预算"",""period"":""本期"",""unit"":""万元"",""scope"":""演示项目""}]",,,,
lw-202-01,longword-15,quote,本期销售额为125万元,长文Word测试\长文测试_原始报告.docx,"[""p"", 202]","[{""id"":""sales_prev"",""subject"":""总计"",""metric"":""销售额"",""period"":""上期"",""unit"":""万元"",""scope"":""演示业务""},{""id"":""sales_current"",""subject"":""总计"",""metric"":""销售额"",""period"":""本期"",""unit"":""万元"",""scope"":""演示业务""},{""id"":""product_a"",""subject"":""A产品"",""metric"":""销量"",""period"":""本期"",""unit"":""件"",""scope"":""演示产品""},{""id"":""product_b"",""subject"":""B产品"",""metric"":""销量"",""period"":""本期"",""unit"":""件"",""scope"":""演示产品""},{""id"":""spending"",""subject"":""总计"",""metric"":""支出"",""period"":""本期"",""unit"":""万元"",""scope"":""演示项目""},{""id"":""budget"",""subject"":""总计"",""metric"":""预算"",""period"":""本期"",""unit"":""万元"",""scope"":""演示项目""}]",,,,
lw-202-02,longword-15,threshold,本期支出低于100万元,长文Word测试\长文测试_原始报告.docx,"[""p"", 202]","[{""id"":""sales_prev"",""subject"":""总计"",""metric"":""销售额"",""period"":""上期"",""unit"":""万元"",""scope"":""演示业务""},{""id"":""sales_current"",""subject"":""总计"",""metric"":""销售额"",""period"":""本期"",""unit"":""万元"",""scope"":""演示业务""},{""id"":""product_a"",""subject"":""A产品"",""metric"":""销量"",""period"":""本期"",""unit"":""件"",""scope"":""演示产品""},{""id"":""product_b"",""subject"":""B产品"",""metric"":""销量"",""period"":""本期"",""unit"":""件"",""scope"":""演示产品""},{""id"":""spending"",""subject"":""总计"",""metric"":""支出"",""period"":""本期"",""unit"":""万元"",""scope"":""演示项目""},{""id"":""budget"",""subject"":""总计"",""metric"":""预算"",""period"":""本期"",""unit"":""万元"",""scope"":""演示项目""}]",,,,
lw-208-01,longword-15,quote,本期销售额为125万元,长文Word测试\长文测试_原始报告.docx,"[""p"", 208]","[{""id"":""sales_prev"",""subject"":""总计"",""metric"":""销售额"",""period"":""上期"",""unit"":""万元"",""scope"":""演示业务""},{""id"":""sales_current"",""subject"":""总计"",""metric"":""销售额"",""period"":""本期"",""unit"":""万元"",""scope"":""演示业务""},{""id"":""product_a"",""subject"":""A产品"",""metric"":""销量"",""period"":""本期"",""unit"":""件"",""scope"":""演示产品""},{""id"":""product_b"",""subject"":""B产品"",""metric"":""销量"",""period"":""本期"",""unit"":""件"",""scope"":""演示产品""},{""id"":""spending"",""subject"":""总计"",""metric"":""支出"",""period"":""本期"",""unit"":""万元"",""scope"":""演示项目""},{""id"":""budget"",""subject"":""总计"",""metric"":""预算"",""period"":""本期"",""unit"":""万元"",""scope"":""演示项目""}]",,,,
lw-208-02,longword-15,growth,较上期增长25%,长文Word测试\长文测试_原始报告.docx,"[""p"", 208]","[{""id"":""sales_prev"",""subject"":""总计"",""metric"":""销售额"",""period"":""上期"",""unit"":""万元"",""scope"":""演示业务""},{""id"":""sales_current"",""subject"":""总计"",""metric"":""销售额"",""period"":""本期"",""unit"":""万元"",""scope"":""演示业务""},{""id"":""product_a"",""subject"":""A产品"",""metric"":""销量"",""period"":""本期"",""unit"":""件"",""scope"":""演示产品""},{""id"":""product_b"",""subject"":""B产品"",""metric"":""销量"",""period"":""本期"",""unit"":""件"",""scope"":""演示产品""},{""id"":""spending"",""subject"":""总计"",""metric"":""支出"",""period"":""本期"",""unit"":""万元"",""scope"":""演示项目""},{""id"":""budget"",""subject"":""总计"",""metric"":""预算"",""period"":""本期"",""unit"":""万元"",""scope"":""演示项目""}]",,,,
lw-208-03,longword-15,threshold,超过120万元,长文Word测试\长文测试_原始报告.docx,"[""p"", 208]","[{""id"":""sales_prev"",""subject"":""总计"",""metric"":""销售额"",""period"":""上期"",""unit"":""万元"",""scope"":""演示业务""},{""id"":""sales_current"",""subject"":""总计"",""metric"":""销售额"",""period"":""本期"",""unit"":""万元"",""scope"":""演示业务""},{""id"":""product_a"",""subject"":""A产品"",""metric"":""销量"",""period"":""本期"",""unit"":""件"",""scope"":""演示产品""},{""id"":""product_b"",""subject"":""B产品"",""metric"":""销量"",""period"":""本期"",""unit"":""件"",""scope"":""演示产品""},{""id"":""spending"",""subject"":""总计"",""metric"":""支出"",""period"":""本期"",""unit"":""万元"",""scope"":""演示项目""},{""id"":""budget"",""subject"":""总计"",""metric"":""预算"",""period"":""本期"",""unit"":""万元"",""scope"":""演示项目""}]",,,,
lw-210-01,longword-16,growth,本期销售额较上期增长,长文Word测试\长文测试_原始报告.docx,"[""p"", 210]","[{""id"":""sales_prev"",""subject"":""总计"",""metric"":""销售额"",""period"":""上期"",""unit"":""万元"",""scope"":""演示业务""},{""id"":""sales_current"",""subject"":""总计"",""metric"":""销售额"",""period"":""本期"",""unit"":""万元"",""scope"":""演示业务""},{""id"":""product_a"",""subject"":""A产品"",""metric"":""销量"",""period"":""本期"",""unit"":""件"",""scope"":""演示产品""},{""id"":""product_b"",""subject"":""B产品"",""metric"":""销量"",""period"":""本期"",""unit"":""件"",""scope"":""演示产品""},{""id"":""spending"",""subject"":""总计"",""metric"":""支出"",""period"":""本期"",""unit"":""万元"",""scope"":""演示项目""},{""id"":""budget"",""subject"":""总计"",""metric"":""预算"",""period"":""本期"",""unit"":""万元"",""scope"":""演示项目""}]",,,,
lw-210-02,longword-16,threshold,本期销售额超过80万元,长文Word测试\长文测试_原始报告.docx,"[""p"", 210]","[{""id"":""sales_prev"",""subject"":""总计"",""metric"":""销售额"",""period"":""上期"",""unit"":""万元"",""scope"":""演示业务""},{""id"":""sales_current"",""subject"":""总计"",""metric"":""销售额"",""period"":""本期"",""unit"":""万元"",""scope"":""演示业务""},{""id"":""product_a"",""subject"":""A产品"",""metric"":""销量"",""period"":""本期"",""unit"":""件"",""scope"":""演示产品""},{""id"":""product_b"",""subject"":""B产品"",""metric"":""销量"",""period"":""本期"",""unit"":""件"",""scope"":""演示产品""},{""id"":""spending"",""subject"":""总计"",""metric"":""支出"",""period"":""本期"",""unit"":""万元"",""scope"":""演示项目""},{""id"":""budget"",""subject"":""总计"",""metric"":""预算"",""period"":""本期"",""unit"":""万元"",""scope"":""演示项目""}]",,,,
lw-211-01,longword-16,ranking,A产品销量最高,长文Word测试\长文测试_原始报告.docx,"[""p"", 211]","[{""id"":""sales_prev"",""subject"":""总计"",""metric"":""销售额"",""period"":""上期"",""unit"":""万元"",""scope"":""演示业务""},{""id"":""sales_current"",""subject"":""总计"",""metric"":""销售额"",""period"":""本期"",""unit"":""万元"",""scope"":""演示业务""},{""id"":""product_a"",""subject"":""A产品"",""metric"":""销量"",""period"":""本期"",""unit"":""件"",""scope"":""演示产品""},{""id"":""product_b"",""subject"":""B产品"",""metric"":""销量"",""period"":""本期"",""unit"":""件"",""scope"":""演示产品""},{""id"":""spending"",""subject"":""总计"",""metric"":""支出"",""period"":""本期"",""unit"":""万元"",""scope"":""演示项目""},{""id"":""budget"",""subject"":""总计"",""metric"":""预算"",""period"":""本期"",""unit"":""万元"",""scope"":""演示项目""}]",,,,
lw-211-02,longword-16,threshold,支出未超过预算,长文Word测试\长文测试_原始报告.docx,"[""p"", 211]","[{""id"":""sales_prev"",""subject"":""总计"",""metric"":""销售额"",""period"":""上期"",""unit"":""万元"",""scope"":""演示业务""},{""id"":""sales_current"",""subject"":""总计"",""metric"":""销售额"",""period"":""本期"",""unit"":""万元"",""scope"":""演示业务""},{""id"":""product_a"",""subject"":""A产品"",""metric"":""销量"",""period"":""本期"",""unit"":""件"",""scope"":""演示产品""},{""id"":""product_b"",""subject"":""B产品"",""metric"":""销量"",""period"":""本期"",""unit"":""件"",""scope"":""演示产品""},{""id"":""spending"",""subject"":""总计"",""metric"":""支出"",""period"":""本期"",""unit"":""万元"",""scope"":""演示项目""},{""id"":""budget"",""subject"":""总计"",""metric"":""预算"",""period"":""本期"",""unit"":""万元"",""scope"":""演示项目""}]",,,,
lw-212-01,longword-16,quote,本期支出为80万元,长文Word测试\长文测试_原始报告.docx,"[""p"", 212]","[{""id"":""sales_prev"",""subject"":""总计"",""metric"":""销售额"",""period"":""上期"",""unit"":""万元"",""scope"":""演示业务""},{""id"":""sales_current"",""subject"":""总计"",""metric"":""销售额"",""period"":""本期"",""unit"":""万元"",""scope"":""演示业务""},{""id"":""product_a"",""subject"":""A产品"",""metric"":""销量"",""period"":""本期"",""unit"":""件"",""scope"":""演示产品""},{""id"":""product_b"",""subject"":""B产品"",""metric"":""销量"",""period"":""本期"",""unit"":""件"",""scope"":""演示产品""},{""id"":""spending"",""subject"":""总计"",""metric"":""支出"",""period"":""本期"",""unit"":""万元"",""scope"":""演示项目""},{""id"":""budget"",""subject"":""总计"",""metric"":""预算"",""period"":""本期"",""unit"":""万元"",""scope"":""演示项目""}]",,,,
lw-212-02,longword-16,quote,本期预算为100万元,长文Word测试\长文测试_原始报告.docx,"[""p"", 212]","[{""id"":""sales_prev"",""subject"":""总计"",""metric"":""销售额"",""period"":""上期"",""unit"":""万元"",""scope"":""演示业务""},{""id"":""sales_current"",""subject"":""总计"",""metric"":""销售额"",""period"":""本期"",""unit"":""万元"",""scope"":""演示业务""},{""id"":""product_a"",""subject"":""A产品"",""metric"":""销量"",""period"":""本期"",""unit"":""件"",""scope"":""演示产品""},{""id"":""product_b"",""subject"":""B产品"",""metric"":""销量"",""period"":""本期"",""unit"":""件"",""scope"":""演示产品""},{""id"":""spending"",""subject"":""总计"",""metric"":""支出"",""period"":""本期"",""unit"":""万元"",""scope"":""演示项目""},{""id"":""budget"",""subject"":""总计"",""metric"":""预算"",""period"":""本期"",""unit"":""万元"",""scope"":""演示项目""}]",,,,
lw-214-01,longword-16,quote,本期销售额为125万元,长文Word测试\长文测试_原始报告.docx,"[""p"", 214]","[{""id"":""sales_prev"",""subject"":""总计"",""metric"":""销售额"",""period"":""上期"",""unit"":""万元"",""scope"":""演示业务""},{""id"":""sales_current"",""subject"":""总计"",""metric"":""销售额"",""period"":""本期"",""unit"":""万元"",""scope"":""演示业务""},{""id"":""product_a"",""subject"":""A产品"",""metric"":""销量"",""period"":""本期"",""unit"":""件"",""scope"":""演示产品""},{""id"":""product_b"",""subject"":""B产品"",""metric"":""销量"",""period"":""本期"",""unit"":""件"",""scope"":""演示产品""},{""id"":""spending"",""subject"":""总计"",""metric"":""支出"",""period"":""本期"",""unit"":""万元"",""scope"":""演示项目""},{""id"":""budget"",""subject"":""总计"",""metric"":""预算"",""period"":""本期"",""unit"":""万元"",""scope"":""演示项目""}]",,,,
lw-214-02,longword-16,threshold,本期支出低于100万元,长文Word测试\长文测试_原始报告.docx,"[""p"", 214]","[{""id"":""sales_prev"",""subject"":""总计"",""metric"":""销售额"",""period"":""上期"",""unit"":""万元"",""scope"":""演示业务""},{""id"":""sales_current"",""subject"":""总计"",""metric"":""销售额"",""period"":""本期"",""unit"":""万元"",""scope"":""演示业务""},{""id"":""product_a"",""subject"":""A产品"",""metric"":""销量"",""period"":""本期"",""unit"":""件"",""scope"":""演示产品""},{""id"":""product_b"",""subject"":""B产品"",""metric"":""销量"",""period"":""本期"",""unit"":""件"",""scope"":""演示产品""},{""id"":""spending"",""subject"":""总计"",""metric"":""支出"",""period"":""本期"",""unit"":""万元"",""scope"":""演示项目""},{""id"":""budget"",""subject"":""总计"",""metric"":""预算"",""period"":""本期"",""unit"":""万元"",""scope"":""演示项目""}]",,,,
lw-220-01,longword-16,quote,本期销售额为125万元,长文Word测试\长文测试_原始报告.docx,"[""p"", 220]","[{""id"":""sales_prev"",""subject"":""总计"",""metric"":""销售额"",""period"":""上期"",""unit"":""万元"",""scope"":""演示业务""},{""id"":""sales_current"",""subject"":""总计"",""metric"":""销售额"",""period"":""本期"",""unit"":""万元"",""scope"":""演示业务""},{""id"":""product_a"",""subject"":""A产品"",""metric"":""销量"",""period"":""本期"",""unit"":""件"",""scope"":""演示产品""},{""id"":""product_b"",""subject"":""B产品"",""metric"":""销量"",""period"":""本期"",""unit"":""件"",""scope"":""演示产品""},{""id"":""spending"",""subject"":""总计"",""metric"":""支出"",""period"":""本期"",""unit"":""万元"",""scope"":""演示项目""},{""id"":""budget"",""subject"":""总计"",""metric"":""预算"",""period"":""本期"",""unit"":""万元"",""scope"":""演示项目""}]",,,,
lw-220-02,longword-16,growth,较上期增长25%,长文Word测试\长文测试_原始报告.docx,"[""p"", 220]","[{""id"":""sales_prev"",""subject"":""总计"",""metric"":""销售额"",""period"":""上期"",""unit"":""万元"",""scope"":""演示业务""},{""id"":""sales_current"",""subject"":""总计"",""metric"":""销售额"",""period"":""本期"",""unit"":""万元"",""scope"":""演示业务""},{""id"":""product_a"",""subject"":""A产品"",""metric"":""销量"",""period"":""本期"",""unit"":""件"",""scope"":""演示产品""},{""id"":""product_b"",""subject"":""B产品"",""metric"":""销量"",""period"":""本期"",""unit"":""件"",""scope"":""演示产品""},{""id"":""spending"",""subject"":""总计"",""metric"":""支出"",""period"":""本期"",""unit"":""万元"",""scope"":""演示项目""},{""id"":""budget"",""subject"":""总计"",""metric"":""预算"",""period"":""本期"",""unit"":""万元"",""scope"":""演示项目""}]",,,,
lw-220-03,longword-16,threshold,超过120万元,长文Word测试\长文测试_原始报告.docx,"[""p"", 220]","[{""id"":""sales_prev"",""subject"":""总计"",""metric"":""销售额"",""period"":""上期"",""unit"":""万元"",""scope"":""演示业务""},{""id"":""sales_current"",""subject"":""总计"",""metric"":""销售额"",""period"":""本期"",""unit"":""万元"",""scope"":""演示业务""},{""id"":""product_a"",""subject"":""A产品"",""metric"":""销量"",""period"":""本期"",""unit"":""件"",""scope"":""演示产品""},{""id"":""product_b"",""subject"":""B产品"",""metric"":""销量"",""period"":""本期"",""unit"":""件"",""scope"":""演示产品""},{""id"":""spending"",""subject"":""总计"",""metric"":""支出"",""period"":""本期"",""unit"":""万元"",""scope"":""演示项目""},{""id"":""budget"",""subject"":""总计"",""metric"":""预算"",""period"":""本期"",""unit"":""万元"",""scope"":""演示项目""}]",,,,
lw-222-01,longword-16,growth,本期销售额较上期增长,长文Word测试\长文测试_原始报告.docx,"[""p"", 222]","[{""id"":""sales_prev"",""subject"":""总计"",""metric"":""销售额"",""period"":""上期"",""unit"":""万元"",""scope"":""演示业务""},{""id"":""sales_current"",""subject"":""总计"",""metric"":""销售额"",""period"":""本期"",""unit"":""万元"",""scope"":""演示业务""},{""id"":""product_a"",""subject"":""A产品"",""metric"":""销量"",""period"":""本期"",""unit"":""件"",""scope"":""演示产品""},{""id"":""product_b"",""subject"":""B产品"",""metric"":""销量"",""period"":""本期"",""unit"":""件"",""scope"":""演示产品""},{""id"":""spending"",""subject"":""总计"",""metric"":""支出"",""period"":""本期"",""unit"":""万元"",""scope"":""演示项目""},{""id"":""budget"",""subject"":""总计"",""metric"":""预算"",""period"":""本期"",""unit"":""万元"",""scope"":""演示项目""}]",,,,
lw-222-02,longword-16,threshold,本期销售额超过80万元,长文Word测试\长文测试_原始报告.docx,"[""p"", 222]","[{""id"":""sales_prev"",""subject"":""总计"",""metric"":""销售额"",""period"":""上期"",""unit"":""万元"",""scope"":""演示业务""},{""id"":""sales_current"",""subject"":""总计"",""metric"":""销售额"",""period"":""本期"",""unit"":""万元"",""scope"":""演示业务""},{""id"":""product_a"",""subject"":""A产品"",""metric"":""销量"",""period"":""本期"",""unit"":""件"",""scope"":""演示产品""},{""id"":""product_b"",""subject"":""B产品"",""metric"":""销量"",""period"":""本期"",""unit"":""件"",""scope"":""演示产品""},{""id"":""spending"",""subject"":""总计"",""metric"":""支出"",""period"":""本期"",""unit"":""万元"",""scope"":""演示项目""},{""id"":""budget"",""subject"":""总计"",""metric"":""预算"",""period"":""本期"",""unit"":""万元"",""scope"":""演示项目""}]",,,,
lw-223-01,longword-16,ranking,A产品销量最高,长文Word测试\长文测试_原始报告.docx,"[""p"", 223]","[{""id"":""sales_prev"",""subject"":""总计"",""metric"":""销售额"",""period"":""上期"",""unit"":""万元"",""scope"":""演示业务""},{""id"":""sales_current"",""subject"":""总计"",""metric"":""销售额"",""period"":""本期"",""unit"":""万元"",""scope"":""演示业务""},{""id"":""product_a"",""subject"":""A产品"",""metric"":""销量"",""period"":""本期"",""unit"":""件"",""scope"":""演示产品""},{""id"":""product_b"",""subject"":""B产品"",""metric"":""销量"",""period"":""本期"",""unit"":""件"",""scope"":""演示产品""},{""id"":""spending"",""subject"":""总计"",""metric"":""支出"",""period"":""本期"",""unit"":""万元"",""scope"":""演示项目""},{""id"":""budget"",""subject"":""总计"",""metric"":""预算"",""period"":""本期"",""unit"":""万元"",""scope"":""演示项目""}]",,,,
lw-223-02,longword-16,threshold,支出未超过预算,长文Word测试\长文测试_原始报告.docx,"[""p"", 223]","[{""id"":""sales_prev"",""subject"":""总计"",""metric"":""销售额"",""period"":""上期"",""unit"":""万元"",""scope"":""演示业务""},{""id"":""sales_current"",""subject"":""总计"",""metric"":""销售额"",""period"":""本期"",""unit"":""万元"",""scope"":""演示业务""},{""id"":""product_a"",""subject"":""A产品"",""metric"":""销量"",""period"":""本期"",""unit"":""件"",""scope"":""演示产品""},{""id"":""product_b"",""subject"":""B产品"",""metric"":""销量"",""period"":""本期"",""unit"":""件"",""scope"":""演示产品""},{""id"":""spending"",""subject"":""总计"",""metric"":""支出"",""period"":""本期"",""unit"":""万元"",""scope"":""演示项目""},{""id"":""budget"",""subject"":""总计"",""metric"":""预算"",""period"":""本期"",""unit"":""万元"",""scope"":""演示项目""}]",,,,
lw-224-01,longword-17,quote,本期支出为80万元,长文Word测试\长文测试_原始报告.docx,"[""p"", 224]","[{""id"":""sales_prev"",""subject"":""总计"",""metric"":""销售额"",""period"":""上期"",""unit"":""万元"",""scope"":""演示业务""},{""id"":""sales_current"",""subject"":""总计"",""metric"":""销售额"",""period"":""本期"",""unit"":""万元"",""scope"":""演示业务""},{""id"":""product_a"",""subject"":""A产品"",""metric"":""销量"",""period"":""本期"",""unit"":""件"",""scope"":""演示产品""},{""id"":""product_b"",""subject"":""B产品"",""metric"":""销量"",""period"":""本期"",""unit"":""件"",""scope"":""演示产品""},{""id"":""spending"",""subject"":""总计"",""metric"":""支出"",""period"":""本期"",""unit"":""万元"",""scope"":""演示项目""},{""id"":""budget"",""subject"":""总计"",""metric"":""预算"",""period"":""本期"",""unit"":""万元"",""scope"":""演示项目""}]",,,,
lw-224-02,longword-17,quote,本期预算为100万元,长文Word测试\长文测试_原始报告.docx,"[""p"", 224]","[{""id"":""sales_prev"",""subject"":""总计"",""metric"":""销售额"",""period"":""上期"",""unit"":""万元"",""scope"":""演示业务""},{""id"":""sales_current"",""subject"":""总计"",""metric"":""销售额"",""period"":""本期"",""unit"":""万元"",""scope"":""演示业务""},{""id"":""product_a"",""subject"":""A产品"",""metric"":""销量"",""period"":""本期"",""unit"":""件"",""scope"":""演示产品""},{""id"":""product_b"",""subject"":""B产品"",""metric"":""销量"",""period"":""本期"",""unit"":""件"",""scope"":""演示产品""},{""id"":""spending"",""subject"":""总计"",""metric"":""支出"",""period"":""本期"",""unit"":""万元"",""scope"":""演示项目""},{""id"":""budget"",""subject"":""总计"",""metric"":""预算"",""period"":""本期"",""unit"":""万元"",""scope"":""演示项目""}]",,,,
lw-226-01,longword-17,quote,本期销售额为125万元,长文Word测试\长文测试_原始报告.docx,"[""p"", 226]","[{""id"":""sales_prev"",""subject"":""总计"",""metric"":""销售额"",""period"":""上期"",""unit"":""万元"",""scope"":""演示业务""},{""id"":""sales_current"",""subject"":""总计"",""metric"":""销售额"",""period"":""本期"",""unit"":""万元"",""scope"":""演示业务""},{""id"":""product_a"",""subject"":""A产品"",""metric"":""销量"",""period"":""本期"",""unit"":""件"",""scope"":""演示产品""},{""id"":""product_b"",""subject"":""B产品"",""metric"":""销量"",""period"":""本期"",""unit"":""件"",""scope"":""演示产品""},{""id"":""spending"",""subject"":""总计"",""metric"":""支出"",""period"":""本期"",""unit"":""万元"",""scope"":""演示项目""},{""id"":""budget"",""subject"":""总计"",""metric"":""预算"",""period"":""本期"",""unit"":""万元"",""scope"":""演示项目""}]",,,,
lw-226-02,longword-17,threshold,本期支出低于100万元,长文Word测试\长文测试_原始报告.docx,"[""p"", 226]","[{""id"":""sales_prev"",""subject"":""总计"",""metric"":""销售额"",""period"":""上期"",""unit"":""万元"",""scope"":""演示业务""},{""id"":""sales_current"",""subject"":""总计"",""metric"":""销售额"",""period"":""本期"",""unit"":""万元"",""scope"":""演示业务""},{""id"":""product_a"",""subject"":""A产品"",""metric"":""销量"",""period"":""本期"",""unit"":""件"",""scope"":""演示产品""},{""id"":""product_b"",""subject"":""B产品"",""metric"":""销量"",""period"":""本期"",""unit"":""件"",""scope"":""演示产品""},{""id"":""spending"",""subject"":""总计"",""metric"":""支出"",""period"":""本期"",""unit"":""万元"",""scope"":""演示项目""},{""id"":""budget"",""subject"":""总计"",""metric"":""预算"",""period"":""本期"",""unit"":""万元"",""scope"":""演示项目""}]",,,,
lw-232-01,longword-17,quote,本期销售额为125万元,长文Word测试\长文测试_原始报告.docx,"[""p"", 232]","[{""id"":""sales_prev"",""subject"":""总计"",""metric"":""销售额"",""period"":""上期"",""unit"":""万元"",""scope"":""演示业务""},{""id"":""sales_current"",""subject"":""总计"",""metric"":""销售额"",""period"":""本期"",""unit"":""万元"",""scope"":""演示业务""},{""id"":""product_a"",""subject"":""A产品"",""metric"":""销量"",""period"":""本期"",""unit"":""件"",""scope"":""演示产品""},{""id"":""product_b"",""subject"":""B产品"",""metric"":""销量"",""period"":""本期"",""unit"":""件"",""scope"":""演示产品""},{""id"":""spending"",""subject"":""总计"",""metric"":""支出"",""period"":""本期"",""unit"":""万元"",""scope"":""演示项目""},{""id"":""budget"",""subject"":""总计"",""metric"":""预算"",""period"":""本期"",""unit"":""万元"",""scope"":""演示项目""}]",,,,
lw-232-02,longword-17,growth,较上期增长25%,长文Word测试\长文测试_原始报告.docx,"[""p"", 232]","[{""id"":""sales_prev"",""subject"":""总计"",""metric"":""销售额"",""period"":""上期"",""unit"":""万元"",""scope"":""演示业务""},{""id"":""sales_current"",""subject"":""总计"",""metric"":""销售额"",""period"":""本期"",""unit"":""万元"",""scope"":""演示业务""},{""id"":""product_a"",""subject"":""A产品"",""metric"":""销量"",""period"":""本期"",""unit"":""件"",""scope"":""演示产品""},{""id"":""product_b"",""subject"":""B产品"",""metric"":""销量"",""period"":""本期"",""unit"":""件"",""scope"":""演示产品""},{""id"":""spending"",""subject"":""总计"",""metric"":""支出"",""period"":""本期"",""unit"":""万元"",""scope"":""演示项目""},{""id"":""budget"",""subject"":""总计"",""metric"":""预算"",""period"":""本期"",""unit"":""万元"",""scope"":""演示项目""}]",,,,
lw-232-03,longword-17,threshold,超过120万元,长文Word测试\长文测试_原始报告.docx,"[""p"", 232]","[{""id"":""sales_prev"",""subject"":""总计"",""metric"":""销售额"",""period"":""上期"",""unit"":""万元"",""scope"":""演示业务""},{""id"":""sales_current"",""subject"":""总计"",""metric"":""销售额"",""period"":""本期"",""unit"":""万元"",""scope"":""演示业务""},{""id"":""product_a"",""subject"":""A产品"",""metric"":""销量"",""period"":""本期"",""unit"":""件"",""scope"":""演示产品""},{""id"":""product_b"",""subject"":""B产品"",""metric"":""销量"",""period"":""本期"",""unit"":""件"",""scope"":""演示产品""},{""id"":""spending"",""subject"":""总计"",""metric"":""支出"",""period"":""本期"",""unit"":""万元"",""scope"":""演示项目""},{""id"":""budget"",""subject"":""总计"",""metric"":""预算"",""period"":""本期"",""unit"":""万元"",""scope"":""演示项目""}]",,,,
lw-234-01,longword-17,growth,本期销售额较上期增长,长文Word测试\长文测试_原始报告.docx,"[""p"", 234]","[{""id"":""sales_prev"",""subject"":""总计"",""metric"":""销售额"",""period"":""上期"",""unit"":""万元"",""scope"":""演示业务""},{""id"":""sales_current"",""subject"":""总计"",""metric"":""销售额"",""period"":""本期"",""unit"":""万元"",""scope"":""演示业务""},{""id"":""product_a"",""subject"":""A产品"",""metric"":""销量"",""period"":""本期"",""unit"":""件"",""scope"":""演示产品""},{""id"":""product_b"",""subject"":""B产品"",""metric"":""销量"",""period"":""本期"",""unit"":""件"",""scope"":""演示产品""},{""id"":""spending"",""subject"":""总计"",""metric"":""支出"",""period"":""本期"",""unit"":""万元"",""scope"":""演示项目""},{""id"":""budget"",""subject"":""总计"",""metric"":""预算"",""period"":""本期"",""unit"":""万元"",""scope"":""演示项目""}]",,,,
lw-234-02,longword-17,threshold,本期销售额超过80万元,长文Word测试\长文测试_原始报告.docx,"[""p"", 234]","[{""id"":""sales_prev"",""subject"":""总计"",""metric"":""销售额"",""period"":""上期"",""unit"":""万元"",""scope"":""演示业务""},{""id"":""sales_current"",""subject"":""总计"",""metric"":""销售额"",""period"":""本期"",""unit"":""万元"",""scope"":""演示业务""},{""id"":""product_a"",""subject"":""A产品"",""metric"":""销量"",""period"":""本期"",""unit"":""件"",""scope"":""演示产品""},{""id"":""product_b"",""subject"":""B产品"",""metric"":""销量"",""period"":""本期"",""unit"":""件"",""scope"":""演示产品""},{""id"":""spending"",""subject"":""总计"",""metric"":""支出"",""period"":""本期"",""unit"":""万元"",""scope"":""演示项目""},{""id"":""budget"",""subject"":""总计"",""metric"":""预算"",""period"":""本期"",""unit"":""万元"",""scope"":""演示项目""}]",,,,
lw-235-01,longword-17,ranking,A产品销量最高,长文Word测试\长文测试_原始报告.docx,"[""p"", 235]","[{""id"":""sales_prev"",""subject"":""总计"",""metric"":""销售额"",""period"":""上期"",""unit"":""万元"",""scope"":""演示业务""},{""id"":""sales_current"",""subject"":""总计"",""metric"":""销售额"",""period"":""本期"",""unit"":""万元"",""scope"":""演示业务""},{""id"":""product_a"",""subject"":""A产品"",""metric"":""销量"",""period"":""本期"",""unit"":""件"",""scope"":""演示产品""},{""id"":""product_b"",""subject"":""B产品"",""metric"":""销量"",""period"":""本期"",""unit"":""件"",""scope"":""演示产品""},{""id"":""spending"",""subject"":""总计"",""metric"":""支出"",""period"":""本期"",""unit"":""万元"",""scope"":""演示项目""},{""id"":""budget"",""subject"":""总计"",""metric"":""预算"",""period"":""本期"",""unit"":""万元"",""scope"":""演示项目""}]",,,,
lw-235-02,longword-17,threshold,支出未超过预算,长文Word测试\长文测试_原始报告.docx,"[""p"", 235]","[{""id"":""sales_prev"",""subject"":""总计"",""metric"":""销售额"",""period"":""上期"",""unit"":""万元"",""scope"":""演示业务""},{""id"":""sales_current"",""subject"":""总计"",""metric"":""销售额"",""period"":""本期"",""unit"":""万元"",""scope"":""演示业务""},{""id"":""product_a"",""subject"":""A产品"",""metric"":""销量"",""period"":""本期"",""unit"":""件"",""scope"":""演示产品""},{""id"":""product_b"",""subject"":""B产品"",""metric"":""销量"",""period"":""本期"",""unit"":""件"",""scope"":""演示产品""},{""id"":""spending"",""subject"":""总计"",""metric"":""支出"",""period"":""本期"",""unit"":""万元"",""scope"":""演示项目""},{""id"":""budget"",""subject"":""总计"",""metric"":""预算"",""period"":""本期"",""unit"":""万元"",""scope"":""演示项目""}]",,,,
lw-236-01,longword-17,quote,本期支出为80万元,长文Word测试\长文测试_原始报告.docx,"[""p"", 236]","[{""id"":""sales_prev"",""subject"":""总计"",""metric"":""销售额"",""period"":""上期"",""unit"":""万元"",""scope"":""演示业务""},{""id"":""sales_current"",""subject"":""总计"",""metric"":""销售额"",""period"":""本期"",""unit"":""万元"",""scope"":""演示业务""},{""id"":""product_a"",""subject"":""A产品"",""metric"":""销量"",""period"":""本期"",""unit"":""件"",""scope"":""演示产品""},{""id"":""product_b"",""subject"":""B产品"",""metric"":""销量"",""period"":""本期"",""unit"":""件"",""scope"":""演示产品""},{""id"":""spending"",""subject"":""总计"",""metric"":""支出"",""period"":""本期"",""unit"":""万元"",""scope"":""演示项目""},{""id"":""budget"",""subject"":""总计"",""metric"":""预算"",""period"":""本期"",""unit"":""万元"",""scope"":""演示项目""}]",,,,
lw-236-02,longword-17,quote,本期预算为100万元,长文Word测试\长文测试_原始报告.docx,"[""p"", 236]","[{""id"":""sales_prev"",""subject"":""总计"",""metric"":""销售额"",""period"":""上期"",""unit"":""万元"",""scope"":""演示业务""},{""id"":""sales_current"",""subject"":""总计"",""metric"":""销售额"",""period"":""本期"",""unit"":""万元"",""scope"":""演示业务""},{""id"":""product_a"",""subject"":""A产品"",""metric"":""销量"",""period"":""本期"",""unit"":""件"",""scope"":""演示产品""},{""id"":""product_b"",""subject"":""B产品"",""metric"":""销量"",""period"":""本期"",""unit"":""件"",""scope"":""演示产品""},{""id"":""spending"",""subject"":""总计"",""metric"":""支出"",""period"":""本期"",""unit"":""万元"",""scope"":""演示项目""},{""id"":""budget"",""subject"":""总计"",""metric"":""预算"",""period"":""本期"",""unit"":""万元"",""scope"":""演示项目""}]",,,,
lw-238-01,longword-18,quote,本期销售额为125万元,长文Word测试\长文测试_原始报告.docx,"[""p"", 238]","[{""id"":""sales_prev"",""subject"":""总计"",""metric"":""销售额"",""period"":""上期"",""unit"":""万元"",""scope"":""演示业务""},{""id"":""sales_current"",""subject"":""总计"",""metric"":""销售额"",""period"":""本期"",""unit"":""万元"",""scope"":""演示业务""},{""id"":""product_a"",""subject"":""A产品"",""metric"":""销量"",""period"":""本期"",""unit"":""件"",""scope"":""演示产品""},{""id"":""product_b"",""subject"":""B产品"",""metric"":""销量"",""period"":""本期"",""unit"":""件"",""scope"":""演示产品""},{""id"":""spending"",""subject"":""总计"",""metric"":""支出"",""period"":""本期"",""unit"":""万元"",""scope"":""演示项目""},{""id"":""budget"",""subject"":""总计"",""metric"":""预算"",""period"":""本期"",""unit"":""万元"",""scope"":""演示项目""}]",,,,
lw-238-02,longword-18,threshold,本期支出低于100万元,长文Word测试\长文测试_原始报告.docx,"[""p"", 238]","[{""id"":""sales_prev"",""subject"":""总计"",""metric"":""销售额"",""period"":""上期"",""unit"":""万元"",""scope"":""演示业务""},{""id"":""sales_current"",""subject"":""总计"",""metric"":""销售额"",""period"":""本期"",""unit"":""万元"",""scope"":""演示业务""},{""id"":""product_a"",""subject"":""A产品"",""metric"":""销量"",""period"":""本期"",""unit"":""件"",""scope"":""演示产品""},{""id"":""product_b"",""subject"":""B产品"",""metric"":""销量"",""period"":""本期"",""unit"":""件"",""scope"":""演示产品""},{""id"":""spending"",""subject"":""总计"",""metric"":""支出"",""period"":""本期"",""unit"":""万元"",""scope"":""演示项目""},{""id"":""budget"",""subject"":""总计"",""metric"":""预算"",""period"":""本期"",""unit"":""万元"",""scope"":""演示项目""}]",,,,
lw-244-01,longword-18,quote,本期销售额为125万元,长文Word测试\长文测试_原始报告.docx,"[""p"", 244]","[{""id"":""sales_prev"",""subject"":""总计"",""metric"":""销售额"",""period"":""上期"",""unit"":""万元"",""scope"":""演示业务""},{""id"":""sales_current"",""subject"":""总计"",""metric"":""销售额"",""period"":""本期"",""unit"":""万元"",""scope"":""演示业务""},{""id"":""product_a"",""subject"":""A产品"",""metric"":""销量"",""period"":""本期"",""unit"":""件"",""scope"":""演示产品""},{""id"":""product_b"",""subject"":""B产品"",""metric"":""销量"",""period"":""本期"",""unit"":""件"",""scope"":""演示产品""},{""id"":""spending"",""subject"":""总计"",""metric"":""支出"",""period"":""本期"",""unit"":""万元"",""scope"":""演示项目""},{""id"":""budget"",""subject"":""总计"",""metric"":""预算"",""period"":""本期"",""unit"":""万元"",""scope"":""演示项目""}]",,,,
lw-244-02,longword-18,growth,较上期增长25%,长文Word测试\长文测试_原始报告.docx,"[""p"", 244]","[{""id"":""sales_prev"",""subject"":""总计"",""metric"":""销售额"",""period"":""上期"",""unit"":""万元"",""scope"":""演示业务""},{""id"":""sales_current"",""subject"":""总计"",""metric"":""销售额"",""period"":""本期"",""unit"":""万元"",""scope"":""演示业务""},{""id"":""product_a"",""subject"":""A产品"",""metric"":""销量"",""period"":""本期"",""unit"":""件"",""scope"":""演示产品""},{""id"":""product_b"",""subject"":""B产品"",""metric"":""销量"",""period"":""本期"",""unit"":""件"",""scope"":""演示产品""},{""id"":""spending"",""subject"":""总计"",""metric"":""支出"",""period"":""本期"",""unit"":""万元"",""scope"":""演示项目""},{""id"":""budget"",""subject"":""总计"",""metric"":""预算"",""period"":""本期"",""unit"":""万元"",""scope"":""演示项目""}]",,,,
lw-244-03,longword-18,threshold,超过120万元,长文Word测试\长文测试_原始报告.docx,"[""p"", 244]","[{""id"":""sales_prev"",""subject"":""总计"",""metric"":""销售额"",""period"":""上期"",""unit"":""万元"",""scope"":""演示业务""},{""id"":""sales_current"",""subject"":""总计"",""metric"":""销售额"",""period"":""本期"",""unit"":""万元"",""scope"":""演示业务""},{""id"":""product_a"",""subject"":""A产品"",""metric"":""销量"",""period"":""本期"",""unit"":""件"",""scope"":""演示产品""},{""id"":""product_b"",""subject"":""B产品"",""metric"":""销量"",""period"":""本期"",""unit"":""件"",""scope"":""演示产品""},{""id"":""spending"",""subject"":""总计"",""metric"":""支出"",""period"":""本期"",""unit"":""万元"",""scope"":""演示项目""},{""id"":""budget"",""subject"":""总计"",""metric"":""预算"",""period"":""本期"",""unit"":""万元"",""scope"":""演示项目""}]",,,,
lw-246-01,longword-18,growth,本期销售额较上期增长,长文Word测试\长文测试_原始报告.docx,"[""p"", 246]","[{""id"":""sales_prev"",""subject"":""总计"",""metric"":""销售额"",""period"":""上期"",""unit"":""万元"",""scope"":""演示业务""},{""id"":""sales_current"",""subject"":""总计"",""metric"":""销售额"",""period"":""本期"",""unit"":""万元"",""scope"":""演示业务""},{""id"":""product_a"",""subject"":""A产品"",""metric"":""销量"",""period"":""本期"",""unit"":""件"",""scope"":""演示产品""},{""id"":""product_b"",""subject"":""B产品"",""metric"":""销量"",""period"":""本期"",""unit"":""件"",""scope"":""演示产品""},{""id"":""spending"",""subject"":""总计"",""metric"":""支出"",""period"":""本期"",""unit"":""万元"",""scope"":""演示项目""},{""id"":""budget"",""subject"":""总计"",""metric"":""预算"",""period"":""本期"",""unit"":""万元"",""scope"":""演示项目""}]",,,,
lw-246-02,longword-18,threshold,本期销售额超过80万元,长文Word测试\长文测试_原始报告.docx,"[""p"", 246]","[{""id"":""sales_prev"",""subject"":""总计"",""metric"":""销售额"",""period"":""上期"",""unit"":""万元"",""scope"":""演示业务""},{""id"":""sales_current"",""subject"":""总计"",""metric"":""销售额"",""period"":""本期"",""unit"":""万元"",""scope"":""演示业务""},{""id"":""product_a"",""subject"":""A产品"",""metric"":""销量"",""period"":""本期"",""unit"":""件"",""scope"":""演示产品""},{""id"":""product_b"",""subject"":""B产品"",""metric"":""销量"",""period"":""本期"",""unit"":""件"",""scope"":""演示产品""},{""id"":""spending"",""subject"":""总计"",""metric"":""支出"",""period"":""本期"",""unit"":""万元"",""scope"":""演示项目""},{""id"":""budget"",""subject"":""总计"",""metric"":""预算"",""period"":""本期"",""unit"":""万元"",""scope"":""演示项目""}]",,,,
lw-247-01,longword-18,ranking,A产品销量最高,长文Word测试\长文测试_原始报告.docx,"[""p"", 247]","[{""id"":""sales_prev"",""subject"":""总计"",""metric"":""销售额"",""period"":""上期"",""unit"":""万元"",""scope"":""演示业务""},{""id"":""sales_current"",""subject"":""总计"",""metric"":""销售额"",""period"":""本期"",""unit"":""万元"",""scope"":""演示业务""},{""id"":""product_a"",""subject"":""A产品"",""metric"":""销量"",""period"":""本期"",""unit"":""件"",""scope"":""演示产品""},{""id"":""product_b"",""subject"":""B产品"",""metric"":""销量"",""period"":""本期"",""unit"":""件"",""scope"":""演示产品""},{""id"":""spending"",""subject"":""总计"",""metric"":""支出"",""period"":""本期"",""unit"":""万元"",""scope"":""演示项目""},{""id"":""budget"",""subject"":""总计"",""metric"":""预算"",""period"":""本期"",""unit"":""万元"",""scope"":""演示项目""}]",,,,
lw-247-02,longword-18,threshold,支出未超过预算,长文Word测试\长文测试_原始报告.docx,"[""p"", 247]","[{""id"":""sales_prev"",""subject"":""总计"",""metric"":""销售额"",""period"":""上期"",""unit"":""万元"",""scope"":""演示业务""},{""id"":""sales_current"",""subject"":""总计"",""metric"":""销售额"",""period"":""本期"",""unit"":""万元"",""scope"":""演示业务""},{""id"":""product_a"",""subject"":""A产品"",""metric"":""销量"",""period"":""本期"",""unit"":""件"",""scope"":""演示产品""},{""id"":""product_b"",""subject"":""B产品"",""metric"":""销量"",""period"":""本期"",""unit"":""件"",""scope"":""演示产品""},{""id"":""spending"",""subject"":""总计"",""metric"":""支出"",""period"":""本期"",""unit"":""万元"",""scope"":""演示项目""},{""id"":""budget"",""subject"":""总计"",""metric"":""预算"",""period"":""本期"",""unit"":""万元"",""scope"":""演示项目""}]",,,,
lw-248-01,longword-18,quote,本期支出为80万元,长文Word测试\长文测试_原始报告.docx,"[""p"", 248]","[{""id"":""sales_prev"",""subject"":""总计"",""metric"":""销售额"",""period"":""上期"",""unit"":""万元"",""scope"":""演示业务""},{""id"":""sales_current"",""subject"":""总计"",""metric"":""销售额"",""period"":""本期"",""unit"":""万元"",""scope"":""演示业务""},{""id"":""product_a"",""subject"":""A产品"",""metric"":""销量"",""period"":""本期"",""unit"":""件"",""scope"":""演示产品""},{""id"":""product_b"",""subject"":""B产品"",""metric"":""销量"",""period"":""本期"",""unit"":""件"",""scope"":""演示产品""},{""id"":""spending"",""subject"":""总计"",""metric"":""支出"",""period"":""本期"",""unit"":""万元"",""scope"":""演示项目""},{""id"":""budget"",""subject"":""总计"",""metric"":""预算"",""period"":""本期"",""unit"":""万元"",""scope"":""演示项目""}]",,,,
lw-248-02,longword-18,quote,本期预算为100万元,长文Word测试\长文测试_原始报告.docx,"[""p"", 248]","[{""id"":""sales_prev"",""subject"":""总计"",""metric"":""销售额"",""period"":""上期"",""unit"":""万元"",""scope"":""演示业务""},{""id"":""sales_current"",""subject"":""总计"",""metric"":""销售额"",""period"":""本期"",""unit"":""万元"",""scope"":""演示业务""},{""id"":""product_a"",""subject"":""A产品"",""metric"":""销量"",""period"":""本期"",""unit"":""件"",""scope"":""演示产品""},{""id"":""product_b"",""subject"":""B产品"",""metric"":""销量"",""period"":""本期"",""unit"":""件"",""scope"":""演示产品""},{""id"":""spending"",""subject"":""总计"",""metric"":""支出"",""period"":""本期"",""unit"":""万元"",""scope"":""演示项目""},{""id"":""budget"",""subject"":""总计"",""metric"":""预算"",""period"":""本期"",""unit"":""万元"",""scope"":""演示项目""}]",,,,
lw-250-01,longword-18,quote,本期销售额为125万元,长文Word测试\长文测试_原始报告.docx,"[""p"", 250]","[{""id"":""sales_prev"",""subject"":""总计"",""metric"":""销售额"",""period"":""上期"",""unit"":""万元"",""scope"":""演示业务""},{""id"":""sales_current"",""subject"":""总计"",""metric"":""销售额"",""period"":""本期"",""unit"":""万元"",""scope"":""演示业务""},{""id"":""product_a"",""subject"":""A产品"",""metric"":""销量"",""period"":""本期"",""unit"":""件"",""scope"":""演示产品""},{""id"":""product_b"",""subject"":""B产品"",""metric"":""销量"",""period"":""本期"",""unit"":""件"",""scope"":""演示产品""},{""id"":""spending"",""subject"":""总计"",""metric"":""支出"",""period"":""本期"",""unit"":""万元"",""scope"":""演示项目""},{""id"":""budget"",""subject"":""总计"",""metric"":""预算"",""period"":""本期"",""unit"":""万元"",""scope"":""演示项目""}]",,,,
lw-250-02,longword-18,threshold,本期支出低于100万元,长文Word测试\长文测试_原始报告.docx,"[""p"", 250]","[{""id"":""sales_prev"",""subject"":""总计"",""metric"":""销售额"",""period"":""上期"",""unit"":""万元"",""scope"":""演示业务""},{""id"":""sales_current"",""subject"":""总计"",""metric"":""销售额"",""period"":""本期"",""unit"":""万元"",""scope"":""演示业务""},{""id"":""product_a"",""subject"":""A产品"",""metric"":""销量"",""period"":""本期"",""unit"":""件"",""scope"":""演示产品""},{""id"":""product_b"",""subject"":""B产品"",""metric"":""销量"",""period"":""本期"",""unit"":""件"",""scope"":""演示产品""},{""id"":""spending"",""subject"":""总计"",""metric"":""支出"",""period"":""本期"",""unit"":""万元"",""scope"":""演示项目""},{""id"":""budget"",""subject"":""总计"",""metric"":""预算"",""period"":""本期"",""unit"":""万元"",""scope"":""演示项目""}]",,,,
lw-256-01,longword-19,quote,本期销售额为125万元,长文Word测试\长文测试_原始报告.docx,"[""p"", 256]","[{""id"":""sales_prev"",""subject"":""总计"",""metric"":""销售额"",""period"":""上期"",""unit"":""万元"",""scope"":""演示业务""},{""id"":""sales_current"",""subject"":""总计"",""metric"":""销售额"",""period"":""本期"",""unit"":""万元"",""scope"":""演示业务""},{""id"":""product_a"",""subject"":""A产品"",""metric"":""销量"",""period"":""本期"",""unit"":""件"",""scope"":""演示产品""},{""id"":""product_b"",""subject"":""B产品"",""metric"":""销量"",""period"":""本期"",""unit"":""件"",""scope"":""演示产品""},{""id"":""spending"",""subject"":""总计"",""metric"":""支出"",""period"":""本期"",""unit"":""万元"",""scope"":""演示项目""},{""id"":""budget"",""subject"":""总计"",""metric"":""预算"",""period"":""本期"",""unit"":""万元"",""scope"":""演示项目""}]",,,,
lw-256-02,longword-19,growth,较上期增长25%,长文Word测试\长文测试_原始报告.docx,"[""p"", 256]","[{""id"":""sales_prev"",""subject"":""总计"",""metric"":""销售额"",""period"":""上期"",""unit"":""万元"",""scope"":""演示业务""},{""id"":""sales_current"",""subject"":""总计"",""metric"":""销售额"",""period"":""本期"",""unit"":""万元"",""scope"":""演示业务""},{""id"":""product_a"",""subject"":""A产品"",""metric"":""销量"",""period"":""本期"",""unit"":""件"",""scope"":""演示产品""},{""id"":""product_b"",""subject"":""B产品"",""metric"":""销量"",""period"":""本期"",""unit"":""件"",""scope"":""演示产品""},{""id"":""spending"",""subject"":""总计"",""metric"":""支出"",""period"":""本期"",""unit"":""万元"",""scope"":""演示项目""},{""id"":""budget"",""subject"":""总计"",""metric"":""预算"",""period"":""本期"",""unit"":""万元"",""scope"":""演示项目""}]",,,,
lw-256-03,longword-19,threshold,超过120万元,长文Word测试\长文测试_原始报告.docx,"[""p"", 256]","[{""id"":""sales_prev"",""subject"":""总计"",""metric"":""销售额"",""period"":""上期"",""unit"":""万元"",""scope"":""演示业务""},{""id"":""sales_current"",""subject"":""总计"",""metric"":""销售额"",""period"":""本期"",""unit"":""万元"",""scope"":""演示业务""},{""id"":""product_a"",""subject"":""A产品"",""metric"":""销量"",""period"":""本期"",""unit"":""件"",""scope"":""演示产品""},{""id"":""product_b"",""subject"":""B产品"",""metric"":""销量"",""period"":""本期"",""unit"":""件"",""scope"":""演示产品""},{""id"":""spending"",""subject"":""总计"",""metric"":""支出"",""period"":""本期"",""unit"":""万元"",""scope"":""演示项目""},{""id"":""budget"",""subject"":""总计"",""metric"":""预算"",""period"":""本期"",""unit"":""万元"",""scope"":""演示项目""}]",,,,
lw-258-01,longword-19,growth,本期销售额较上期增长,长文Word测试\长文测试_原始报告.docx,"[""p"", 258]","[{""id"":""sales_prev"",""subject"":""总计"",""metric"":""销售额"",""period"":""上期"",""unit"":""万元"",""scope"":""演示业务""},{""id"":""sales_current"",""subject"":""总计"",""metric"":""销售额"",""period"":""本期"",""unit"":""万元"",""scope"":""演示业务""},{""id"":""product_a"",""subject"":""A产品"",""metric"":""销量"",""period"":""本期"",""unit"":""件"",""scope"":""演示产品""},{""id"":""product_b"",""subject"":""B产品"",""metric"":""销量"",""period"":""本期"",""unit"":""件"",""scope"":""演示产品""},{""id"":""spending"",""subject"":""总计"",""metric"":""支出"",""period"":""本期"",""unit"":""万元"",""scope"":""演示项目""},{""id"":""budget"",""subject"":""总计"",""metric"":""预算"",""period"":""本期"",""unit"":""万元"",""scope"":""演示项目""}]",,,,
lw-258-02,longword-19,threshold,本期销售额超过80万元,长文Word测试\长文测试_原始报告.docx,"[""p"", 258]","[{""id"":""sales_prev"",""subject"":""总计"",""metric"":""销售额"",""period"":""上期"",""unit"":""万元"",""scope"":""演示业务""},{""id"":""sales_current"",""subject"":""总计"",""metric"":""销售额"",""period"":""本期"",""unit"":""万元"",""scope"":""演示业务""},{""id"":""product_a"",""subject"":""A产品"",""metric"":""销量"",""period"":""本期"",""unit"":""件"",""scope"":""演示产品""},{""id"":""product_b"",""subject"":""B产品"",""metric"":""销量"",""period"":""本期"",""unit"":""件"",""scope"":""演示产品""},{""id"":""spending"",""subject"":""总计"",""metric"":""支出"",""period"":""本期"",""unit"":""万元"",""scope"":""演示项目""},{""id"":""budget"",""subject"":""总计"",""metric"":""预算"",""period"":""本期"",""unit"":""万元"",""scope"":""演示项目""}]",,,,
lw-259-01,longword-19,ranking,A产品销量最高,长文Word测试\长文测试_原始报告.docx,"[""p"", 259]","[{""id"":""sales_prev"",""subject"":""总计"",""metric"":""销售额"",""period"":""上期"",""unit"":""万元"",""scope"":""演示业务""},{""id"":""sales_current"",""subject"":""总计"",""metric"":""销售额"",""period"":""本期"",""unit"":""万元"",""scope"":""演示业务""},{""id"":""product_a"",""subject"":""A产品"",""metric"":""销量"",""period"":""本期"",""unit"":""件"",""scope"":""演示产品""},{""id"":""product_b"",""subject"":""B产品"",""metric"":""销量"",""period"":""本期"",""unit"":""件"",""scope"":""演示产品""},{""id"":""spending"",""subject"":""总计"",""metric"":""支出"",""period"":""本期"",""unit"":""万元"",""scope"":""演示项目""},{""id"":""budget"",""subject"":""总计"",""metric"":""预算"",""period"":""本期"",""unit"":""万元"",""scope"":""演示项目""}]",,,,
lw-259-02,longword-19,threshold,支出未超过预算,长文Word测试\长文测试_原始报告.docx,"[""p"", 259]","[{""id"":""sales_prev"",""subject"":""总计"",""metric"":""销售额"",""period"":""上期"",""unit"":""万元"",""scope"":""演示业务""},{""id"":""sales_current"",""subject"":""总计"",""metric"":""销售额"",""period"":""本期"",""unit"":""万元"",""scope"":""演示业务""},{""id"":""product_a"",""subject"":""A产品"",""metric"":""销量"",""period"":""本期"",""unit"":""件"",""scope"":""演示产品""},{""id"":""product_b"",""subject"":""B产品"",""metric"":""销量"",""period"":""本期"",""unit"":""件"",""scope"":""演示产品""},{""id"":""spending"",""subject"":""总计"",""metric"":""支出"",""period"":""本期"",""unit"":""万元"",""scope"":""演示项目""},{""id"":""budget"",""subject"":""总计"",""metric"":""预算"",""period"":""本期"",""unit"":""万元"",""scope"":""演示项目""}]",,,,
lw-260-01,longword-19,quote,本期支出为80万元,长文Word测试\长文测试_原始报告.docx,"[""p"", 260]","[{""id"":""sales_prev"",""subject"":""总计"",""metric"":""销售额"",""period"":""上期"",""unit"":""万元"",""scope"":""演示业务""},{""id"":""sales_current"",""subject"":""总计"",""metric"":""销售额"",""period"":""本期"",""unit"":""万元"",""scope"":""演示业务""},{""id"":""product_a"",""subject"":""A产品"",""metric"":""销量"",""period"":""本期"",""unit"":""件"",""scope"":""演示产品""},{""id"":""product_b"",""subject"":""B产品"",""metric"":""销量"",""period"":""本期"",""unit"":""件"",""scope"":""演示产品""},{""id"":""spending"",""subject"":""总计"",""metric"":""支出"",""period"":""本期"",""unit"":""万元"",""scope"":""演示项目""},{""id"":""budget"",""subject"":""总计"",""metric"":""预算"",""period"":""本期"",""unit"":""万元"",""scope"":""演示项目""}]",,,,
lw-260-02,longword-19,quote,本期预算为100万元,长文Word测试\长文测试_原始报告.docx,"[""p"", 260]","[{""id"":""sales_prev"",""subject"":""总计"",""metric"":""销售额"",""period"":""上期"",""unit"":""万元"",""scope"":""演示业务""},{""id"":""sales_current"",""subject"":""总计"",""metric"":""销售额"",""period"":""本期"",""unit"":""万元"",""scope"":""演示业务""},{""id"":""product_a"",""subject"":""A产品"",""metric"":""销量"",""period"":""本期"",""unit"":""件"",""scope"":""演示产品""},{""id"":""product_b"",""subject"":""B产品"",""metric"":""销量"",""period"":""本期"",""unit"":""件"",""scope"":""演示产品""},{""id"":""spending"",""subject"":""总计"",""metric"":""支出"",""period"":""本期"",""unit"":""万元"",""scope"":""演示项目""},{""id"":""budget"",""subject"":""总计"",""metric"":""预算"",""period"":""本期"",""unit"":""万元"",""scope"":""演示项目""}]",,,,
lw-262-01,longword-19,quote,本期销售额为125万元,长文Word测试\长文测试_原始报告.docx,"[""p"", 262]","[{""id"":""sales_prev"",""subject"":""总计"",""metric"":""销售额"",""period"":""上期"",""unit"":""万元"",""scope"":""演示业务""},{""id"":""sales_current"",""subject"":""总计"",""metric"":""销售额"",""period"":""本期"",""unit"":""万元"",""scope"":""演示业务""},{""id"":""product_a"",""subject"":""A产品"",""metric"":""销量"",""period"":""本期"",""unit"":""件"",""scope"":""演示产品""},{""id"":""product_b"",""subject"":""B产品"",""metric"":""销量"",""period"":""本期"",""unit"":""件"",""scope"":""演示产品""},{""id"":""spending"",""subject"":""总计"",""metric"":""支出"",""period"":""本期"",""unit"":""万元"",""scope"":""演示项目""},{""id"":""budget"",""subject"":""总计"",""metric"":""预算"",""period"":""本期"",""unit"":""万元"",""scope"":""演示项目""}]",,,,
lw-262-02,longword-19,threshold,本期支出低于100万元,长文Word测试\长文测试_原始报告.docx,"[""p"", 262]","[{""id"":""sales_prev"",""subject"":""总计"",""metric"":""销售额"",""period"":""上期"",""unit"":""万元"",""scope"":""演示业务""},{""id"":""sales_current"",""subject"":""总计"",""metric"":""销售额"",""period"":""本期"",""unit"":""万元"",""scope"":""演示业务""},{""id"":""product_a"",""subject"":""A产品"",""metric"":""销量"",""period"":""本期"",""unit"":""件"",""scope"":""演示产品""},{""id"":""product_b"",""subject"":""B产品"",""metric"":""销量"",""period"":""本期"",""unit"":""件"",""scope"":""演示产品""},{""id"":""spending"",""subject"":""总计"",""metric"":""支出"",""period"":""本期"",""unit"":""万元"",""scope"":""演示项目""},{""id"":""budget"",""subject"":""总计"",""metric"":""预算"",""period"":""本期"",""unit"":""万元"",""scope"":""演示项目""}]",,,,
lw-268-01,longword-20,quote,本期销售额为125万元,长文Word测试\长文测试_原始报告.docx,"[""p"", 268]","[{""id"":""sales_prev"",""subject"":""总计"",""metric"":""销售额"",""period"":""上期"",""unit"":""万元"",""scope"":""演示业务""},{""id"":""sales_current"",""subject"":""总计"",""metric"":""销售额"",""period"":""本期"",""unit"":""万元"",""scope"":""演示业务""},{""id"":""product_a"",""subject"":""A产品"",""metric"":""销量"",""period"":""本期"",""unit"":""件"",""scope"":""演示产品""},{""id"":""product_b"",""subject"":""B产品"",""metric"":""销量"",""period"":""本期"",""unit"":""件"",""scope"":""演示产品""},{""id"":""spending"",""subject"":""总计"",""metric"":""支出"",""period"":""本期"",""unit"":""万元"",""scope"":""演示项目""},{""id"":""budget"",""subject"":""总计"",""metric"":""预算"",""period"":""本期"",""unit"":""万元"",""scope"":""演示项目""}]",,,,
lw-268-02,longword-20,growth,较上期增长25%,长文Word测试\长文测试_原始报告.docx,"[""p"", 268]","[{""id"":""sales_prev"",""subject"":""总计"",""metric"":""销售额"",""period"":""上期"",""unit"":""万元"",""scope"":""演示业务""},{""id"":""sales_current"",""subject"":""总计"",""metric"":""销售额"",""period"":""本期"",""unit"":""万元"",""scope"":""演示业务""},{""id"":""product_a"",""subject"":""A产品"",""metric"":""销量"",""period"":""本期"",""unit"":""件"",""scope"":""演示产品""},{""id"":""product_b"",""subject"":""B产品"",""metric"":""销量"",""period"":""本期"",""unit"":""件"",""scope"":""演示产品""},{""id"":""spending"",""subject"":""总计"",""metric"":""支出"",""period"":""本期"",""unit"":""万元"",""scope"":""演示项目""},{""id"":""budget"",""subject"":""总计"",""metric"":""预算"",""period"":""本期"",""unit"":""万元"",""scope"":""演示项目""}]",,,,
lw-268-03,longword-20,threshold,超过120万元,长文Word测试\长文测试_原始报告.docx,"[""p"", 268]","[{""id"":""sales_prev"",""subject"":""总计"",""metric"":""销售额"",""period"":""上期"",""unit"":""万元"",""scope"":""演示业务""},{""id"":""sales_current"",""subject"":""总计"",""metric"":""销售额"",""period"":""本期"",""unit"":""万元"",""scope"":""演示业务""},{""id"":""product_a"",""subject"":""A产品"",""metric"":""销量"",""period"":""本期"",""unit"":""件"",""scope"":""演示产品""},{""id"":""product_b"",""subject"":""B产品"",""metric"":""销量"",""period"":""本期"",""unit"":""件"",""scope"":""演示产品""},{""id"":""spending"",""subject"":""总计"",""metric"":""支出"",""period"":""本期"",""unit"":""万元"",""scope"":""演示项目""},{""id"":""budget"",""subject"":""总计"",""metric"":""预算"",""period"":""本期"",""unit"":""万元"",""scope"":""演示项目""}]",,,,
lw-270-01,longword-20,growth,本期销售额较上期增长,长文Word测试\长文测试_原始报告.docx,"[""p"", 270]","[{""id"":""sales_prev"",""subject"":""总计"",""metric"":""销售额"",""period"":""上期"",""unit"":""万元"",""scope"":""演示业务""},{""id"":""sales_current"",""subject"":""总计"",""metric"":""销售额"",""period"":""本期"",""unit"":""万元"",""scope"":""演示业务""},{""id"":""product_a"",""subject"":""A产品"",""metric"":""销量"",""period"":""本期"",""unit"":""件"",""scope"":""演示产品""},{""id"":""product_b"",""subject"":""B产品"",""metric"":""销量"",""period"":""本期"",""unit"":""件"",""scope"":""演示产品""},{""id"":""spending"",""subject"":""总计"",""metric"":""支出"",""period"":""本期"",""unit"":""万元"",""scope"":""演示项目""},{""id"":""budget"",""subject"":""总计"",""metric"":""预算"",""period"":""本期"",""unit"":""万元"",""scope"":""演示项目""}]",,,,
lw-270-02,longword-20,threshold,本期销售额超过80万元,长文Word测试\长文测试_原始报告.docx,"[""p"", 270]","[{""id"":""sales_prev"",""subject"":""总计"",""metric"":""销售额"",""period"":""上期"",""unit"":""万元"",""scope"":""演示业务""},{""id"":""sales_current"",""subject"":""总计"",""metric"":""销售额"",""period"":""本期"",""unit"":""万元"",""scope"":""演示业务""},{""id"":""product_a"",""subject"":""A产品"",""metric"":""销量"",""period"":""本期"",""unit"":""件"",""scope"":""演示产品""},{""id"":""product_b"",""subject"":""B产品"",""metric"":""销量"",""period"":""本期"",""unit"":""件"",""scope"":""演示产品""},{""id"":""spending"",""subject"":""总计"",""metric"":""支出"",""period"":""本期"",""unit"":""万元"",""scope"":""演示项目""},{""id"":""budget"",""subject"":""总计"",""metric"":""预算"",""period"":""本期"",""unit"":""万元"",""scope"":""演示项目""}]",,,,
lw-271-01,longword-20,ranking,A产品销量最高,长文Word测试\长文测试_原始报告.docx,"[""p"", 271]","[{""id"":""sales_prev"",""subject"":""总计"",""metric"":""销售额"",""period"":""上期"",""unit"":""万元"",""scope"":""演示业务""},{""id"":""sales_current"",""subject"":""总计"",""metric"":""销售额"",""period"":""本期"",""unit"":""万元"",""scope"":""演示业务""},{""id"":""product_a"",""subject"":""A产品"",""metric"":""销量"",""period"":""本期"",""unit"":""件"",""scope"":""演示产品""},{""id"":""product_b"",""subject"":""B产品"",""metric"":""销量"",""period"":""本期"",""unit"":""件"",""scope"":""演示产品""},{""id"":""spending"",""subject"":""总计"",""metric"":""支出"",""period"":""本期"",""unit"":""万元"",""scope"":""演示项目""},{""id"":""budget"",""subject"":""总计"",""metric"":""预算"",""period"":""本期"",""unit"":""万元"",""scope"":""演示项目""}]",,,,
lw-271-02,longword-20,threshold,支出未超过预算,长文Word测试\长文测试_原始报告.docx,"[""p"", 271]","[{""id"":""sales_prev"",""subject"":""总计"",""metric"":""销售额"",""period"":""上期"",""unit"":""万元"",""scope"":""演示业务""},{""id"":""sales_current"",""subject"":""总计"",""metric"":""销售额"",""period"":""本期"",""unit"":""万元"",""scope"":""演示业务""},{""id"":""product_a"",""subject"":""A产品"",""metric"":""销量"",""period"":""本期"",""unit"":""件"",""scope"":""演示产品""},{""id"":""product_b"",""subject"":""B产品"",""metric"":""销量"",""period"":""本期"",""unit"":""件"",""scope"":""演示产品""},{""id"":""spending"",""subject"":""总计"",""metric"":""支出"",""period"":""本期"",""unit"":""万元"",""scope"":""演示项目""},{""id"":""budget"",""subject"":""总计"",""metric"":""预算"",""period"":""本期"",""unit"":""万元"",""scope"":""演示项目""}]",,,,
lw-272-01,longword-20,quote,本期支出为80万元,长文Word测试\长文测试_原始报告.docx,"[""p"", 272]","[{""id"":""sales_prev"",""subject"":""总计"",""metric"":""销售额"",""period"":""上期"",""unit"":""万元"",""scope"":""演示业务""},{""id"":""sales_current"",""subject"":""总计"",""metric"":""销售额"",""period"":""本期"",""unit"":""万元"",""scope"":""演示业务""},{""id"":""product_a"",""subject"":""A产品"",""metric"":""销量"",""period"":""本期"",""unit"":""件"",""scope"":""演示产品""},{""id"":""product_b"",""subject"":""B产品"",""metric"":""销量"",""period"":""本期"",""unit"":""件"",""scope"":""演示产品""},{""id"":""spending"",""subject"":""总计"",""metric"":""支出"",""period"":""本期"",""unit"":""万元"",""scope"":""演示项目""},{""id"":""budget"",""subject"":""总计"",""metric"":""预算"",""period"":""本期"",""unit"":""万元"",""scope"":""演示项目""}]",,,,
lw-272-02,longword-20,quote,本期预算为100万元,长文Word测试\长文测试_原始报告.docx,"[""p"", 272]","[{""id"":""sales_prev"",""subject"":""总计"",""metric"":""销售额"",""period"":""上期"",""unit"":""万元"",""scope"":""演示业务""},{""id"":""sales_current"",""subject"":""总计"",""metric"":""销售额"",""period"":""本期"",""unit"":""万元"",""scope"":""演示业务""},{""id"":""product_a"",""subject"":""A产品"",""metric"":""销量"",""period"":""本期"",""unit"":""件"",""scope"":""演示产品""},{""id"":""product_b"",""subject"":""B产品"",""metric"":""销量"",""period"":""本期"",""unit"":""件"",""scope"":""演示产品""},{""id"":""spending"",""subject"":""总计"",""metric"":""支出"",""period"":""本期"",""unit"":""万元"",""scope"":""演示项目""},{""id"":""budget"",""subject"":""总计"",""metric"":""预算"",""period"":""本期"",""unit"":""万元"",""scope"":""演示项目""}]",,,,
lw-274-01,longword-20,quote,本期销售额为125万元,长文Word测试\长文测试_原始报告.docx,"[""p"", 274]","[{""id"":""sales_prev"",""subject"":""总计"",""metric"":""销售额"",""period"":""上期"",""unit"":""万元"",""scope"":""演示业务""},{""id"":""sales_current"",""subject"":""总计"",""metric"":""销售额"",""period"":""本期"",""unit"":""万元"",""scope"":""演示业务""},{""id"":""product_a"",""subject"":""A产品"",""metric"":""销量"",""period"":""本期"",""unit"":""件"",""scope"":""演示产品""},{""id"":""product_b"",""subject"":""B产品"",""metric"":""销量"",""period"":""本期"",""unit"":""件"",""scope"":""演示产品""},{""id"":""spending"",""subject"":""总计"",""metric"":""支出"",""period"":""本期"",""unit"":""万元"",""scope"":""演示项目""},{""id"":""budget"",""subject"":""总计"",""metric"":""预算"",""period"":""本期"",""unit"":""万元"",""scope"":""演示项目""}]",,,,
lw-274-02,longword-20,threshold,本期支出低于100万元,长文Word测试\长文测试_原始报告.docx,"[""p"", 274]","[{""id"":""sales_prev"",""subject"":""总计"",""metric"":""销售额"",""period"":""上期"",""unit"":""万元"",""scope"":""演示业务""},{""id"":""sales_current"",""subject"":""总计"",""metric"":""销售额"",""period"":""本期"",""unit"":""万元"",""scope"":""演示业务""},{""id"":""product_a"",""subject"":""A产品"",""metric"":""销量"",""period"":""本期"",""unit"":""件"",""scope"":""演示产品""},{""id"":""product_b"",""subject"":""B产品"",""metric"":""销量"",""period"":""本期"",""unit"":""件"",""scope"":""演示产品""},{""id"":""spending"",""subject"":""总计"",""metric"":""支出"",""period"":""本期"",""unit"":""万元"",""scope"":""演示项目""},{""id"":""budget"",""subject"":""总计"",""metric"":""预算"",""period"":""本期"",""unit"":""万元"",""scope"":""演示项目""}]",,,,
lw-280-01,longword-21,quote,本期销售额为125万元,长文Word测试\长文测试_原始报告.docx,"[""p"", 280]","[{""id"":""sales_prev"",""subject"":""总计"",""metric"":""销售额"",""period"":""上期"",""unit"":""万元"",""scope"":""演示业务""},{""id"":""sales_current"",""subject"":""总计"",""metric"":""销售额"",""period"":""本期"",""unit"":""万元"",""scope"":""演示业务""},{""id"":""product_a"",""subject"":""A产品"",""metric"":""销量"",""period"":""本期"",""unit"":""件"",""scope"":""演示产品""},{""id"":""product_b"",""subject"":""B产品"",""metric"":""销量"",""period"":""本期"",""unit"":""件"",""scope"":""演示产品""},{""id"":""spending"",""subject"":""总计"",""metric"":""支出"",""period"":""本期"",""unit"":""万元"",""scope"":""演示项目""},{""id"":""budget"",""subject"":""总计"",""metric"":""预算"",""period"":""本期"",""unit"":""万元"",""scope"":""演示项目""}]",,,,
lw-280-02,longword-21,growth,较上期增长25%,长文Word测试\长文测试_原始报告.docx,"[""p"", 280]","[{""id"":""sales_prev"",""subject"":""总计"",""metric"":""销售额"",""period"":""上期"",""unit"":""万元"",""scope"":""演示业务""},{""id"":""sales_current"",""subject"":""总计"",""metric"":""销售额"",""period"":""本期"",""unit"":""万元"",""scope"":""演示业务""},{""id"":""product_a"",""subject"":""A产品"",""metric"":""销量"",""period"":""本期"",""unit"":""件"",""scope"":""演示产品""},{""id"":""product_b"",""subject"":""B产品"",""metric"":""销量"",""period"":""本期"",""unit"":""件"",""scope"":""演示产品""},{""id"":""spending"",""subject"":""总计"",""metric"":""支出"",""period"":""本期"",""unit"":""万元"",""scope"":""演示项目""},{""id"":""budget"",""subject"":""总计"",""metric"":""预算"",""period"":""本期"",""unit"":""万元"",""scope"":""演示项目""}]",,,,
lw-280-03,longword-21,threshold,超过120万元,长文Word测试\长文测试_原始报告.docx,"[""p"", 280]","[{""id"":""sales_prev"",""subject"":""总计"",""metric"":""销售额"",""period"":""上期"",""unit"":""万元"",""scope"":""演示业务""},{""id"":""sales_current"",""subject"":""总计"",""metric"":""销售额"",""period"":""本期"",""unit"":""万元"",""scope"":""演示业务""},{""id"":""product_a"",""subject"":""A产品"",""metric"":""销量"",""period"":""本期"",""unit"":""件"",""scope"":""演示产品""},{""id"":""product_b"",""subject"":""B产品"",""metric"":""销量"",""period"":""本期"",""unit"":""件"",""scope"":""演示产品""},{""id"":""spending"",""subject"":""总计"",""metric"":""支出"",""period"":""本期"",""unit"":""万元"",""scope"":""演示项目""},{""id"":""budget"",""subject"":""总计"",""metric"":""预算"",""period"":""本期"",""unit"":""万元"",""scope"":""演示项目""}]",,,,
lw-282-01,longword-21,growth,本期销售额较上期增长,长文Word测试\长文测试_原始报告.docx,"[""p"", 282]","[{""id"":""sales_prev"",""subject"":""总计"",""metric"":""销售额"",""period"":""上期"",""unit"":""万元"",""scope"":""演示业务""},{""id"":""sales_current"",""subject"":""总计"",""metric"":""销售额"",""period"":""本期"",""unit"":""万元"",""scope"":""演示业务""},{""id"":""product_a"",""subject"":""A产品"",""metric"":""销量"",""period"":""本期"",""unit"":""件"",""scope"":""演示产品""},{""id"":""product_b"",""subject"":""B产品"",""metric"":""销量"",""period"":""本期"",""unit"":""件"",""scope"":""演示产品""},{""id"":""spending"",""subject"":""总计"",""metric"":""支出"",""period"":""本期"",""unit"":""万元"",""scope"":""演示项目""},{""id"":""budget"",""subject"":""总计"",""metric"":""预算"",""period"":""本期"",""unit"":""万元"",""scope"":""演示项目""}]",,,,
lw-282-02,longword-21,threshold,本期销售额超过80万元,长文Word测试\长文测试_原始报告.docx,"[""p"", 282]","[{""id"":""sales_prev"",""subject"":""总计"",""metric"":""销售额"",""period"":""上期"",""unit"":""万元"",""scope"":""演示业务""},{""id"":""sales_current"",""subject"":""总计"",""metric"":""销售额"",""period"":""本期"",""unit"":""万元"",""scope"":""演示业务""},{""id"":""product_a"",""subject"":""A产品"",""metric"":""销量"",""period"":""本期"",""unit"":""件"",""scope"":""演示产品""},{""id"":""product_b"",""subject"":""B产品"",""metric"":""销量"",""period"":""本期"",""unit"":""件"",""scope"":""演示产品""},{""id"":""spending"",""subject"":""总计"",""metric"":""支出"",""period"":""本期"",""unit"":""万元"",""scope"":""演示项目""},{""id"":""budget"",""subject"":""总计"",""metric"":""预算"",""period"":""本期"",""unit"":""万元"",""scope"":""演示项目""}]",,,,
lw-283-01,longword-21,ranking,A产品销量最高,长文Word测试\长文测试_原始报告.docx,"[""p"", 283]","[{""id"":""sales_prev"",""subject"":""总计"",""metric"":""销售额"",""period"":""上期"",""unit"":""万元"",""scope"":""演示业务""},{""id"":""sales_current"",""subject"":""总计"",""metric"":""销售额"",""period"":""本期"",""unit"":""万元"",""scope"":""演示业务""},{""id"":""product_a"",""subject"":""A产品"",""metric"":""销量"",""period"":""本期"",""unit"":""件"",""scope"":""演示产品""},{""id"":""product_b"",""subject"":""B产品"",""metric"":""销量"",""period"":""本期"",""unit"":""件"",""scope"":""演示产品""},{""id"":""spending"",""subject"":""总计"",""metric"":""支出"",""period"":""本期"",""unit"":""万元"",""scope"":""演示项目""},{""id"":""budget"",""subject"":""总计"",""metric"":""预算"",""period"":""本期"",""unit"":""万元"",""scope"":""演示项目""}]",,,,
lw-283-02,longword-21,threshold,支出未超过预算,长文Word测试\长文测试_原始报告.docx,"[""p"", 283]","[{""id"":""sales_prev"",""subject"":""总计"",""metric"":""销售额"",""period"":""上期"",""unit"":""万元"",""scope"":""演示业务""},{""id"":""sales_current"",""subject"":""总计"",""metric"":""销售额"",""period"":""本期"",""unit"":""万元"",""scope"":""演示业务""},{""id"":""product_a"",""subject"":""A产品"",""metric"":""销量"",""period"":""本期"",""unit"":""件"",""scope"":""演示产品""},{""id"":""product_b"",""subject"":""B产品"",""metric"":""销量"",""period"":""本期"",""unit"":""件"",""scope"":""演示产品""},{""id"":""spending"",""subject"":""总计"",""metric"":""支出"",""period"":""本期"",""unit"":""万元"",""scope"":""演示项目""},{""id"":""budget"",""subject"":""总计"",""metric"":""预算"",""period"":""本期"",""unit"":""万元"",""scope"":""演示项目""}]",,,,
lw-284-01,longword-21,quote,本期支出为80万元,长文Word测试\长文测试_原始报告.docx,"[""p"", 284]","[{""id"":""sales_prev"",""subject"":""总计"",""metric"":""销售额"",""period"":""上期"",""unit"":""万元"",""scope"":""演示业务""},{""id"":""sales_current"",""subject"":""总计"",""metric"":""销售额"",""period"":""本期"",""unit"":""万元"",""scope"":""演示业务""},{""id"":""product_a"",""subject"":""A产品"",""metric"":""销量"",""period"":""本期"",""unit"":""件"",""scope"":""演示产品""},{""id"":""product_b"",""subject"":""B产品"",""metric"":""销量"",""period"":""本期"",""unit"":""件"",""scope"":""演示产品""},{""id"":""spending"",""subject"":""总计"",""metric"":""支出"",""period"":""本期"",""unit"":""万元"",""scope"":""演示项目""},{""id"":""budget"",""subject"":""总计"",""metric"":""预算"",""period"":""本期"",""unit"":""万元"",""scope"":""演示项目""}]",,,,
lw-284-02,longword-21,quote,本期预算为100万元,长文Word测试\长文测试_原始报告.docx,"[""p"", 284]","[{""id"":""sales_prev"",""subject"":""总计"",""metric"":""销售额"",""period"":""上期"",""unit"":""万元"",""scope"":""演示业务""},{""id"":""sales_current"",""subject"":""总计"",""metric"":""销售额"",""period"":""本期"",""unit"":""万元"",""scope"":""演示业务""},{""id"":""product_a"",""subject"":""A产品"",""metric"":""销量"",""period"":""本期"",""unit"":""件"",""scope"":""演示产品""},{""id"":""product_b"",""subject"":""B产品"",""metric"":""销量"",""period"":""本期"",""unit"":""件"",""scope"":""演示产品""},{""id"":""spending"",""subject"":""总计"",""metric"":""支出"",""period"":""本期"",""unit"":""万元"",""scope"":""演示项目""},{""id"":""budget"",""subject"":""总计"",""metric"":""预算"",""period"":""本期"",""unit"":""万元"",""scope"":""演示项目""}]",,,,
lw-286-01,longword-21,quote,本期销售额为125万元,长文Word测试\长文测试_原始报告.docx,"[""p"", 286]","[{""id"":""sales_prev"",""subject"":""总计"",""metric"":""销售额"",""period"":""上期"",""unit"":""万元"",""scope"":""演示业务""},{""id"":""sales_current"",""subject"":""总计"",""metric"":""销售额"",""period"":""本期"",""unit"":""万元"",""scope"":""演示业务""},{""id"":""product_a"",""subject"":""A产品"",""metric"":""销量"",""period"":""本期"",""unit"":""件"",""scope"":""演示产品""},{""id"":""product_b"",""subject"":""B产品"",""metric"":""销量"",""period"":""本期"",""unit"":""件"",""scope"":""演示产品""},{""id"":""spending"",""subject"":""总计"",""metric"":""支出"",""period"":""本期"",""unit"":""万元"",""scope"":""演示项目""},{""id"":""budget"",""subject"":""总计"",""metric"":""预算"",""period"":""本期"",""unit"":""万元"",""scope"":""演示项目""}]",,,,
lw-286-02,longword-21,threshold,本期支出低于100万元,长文Word测试\长文测试_原始报告.docx,"[""p"", 286]","[{""id"":""sales_prev"",""subject"":""总计"",""metric"":""销售额"",""period"":""上期"",""unit"":""万元"",""scope"":""演示业务""},{""id"":""sales_current"",""subject"":""总计"",""metric"":""销售额"",""period"":""本期"",""unit"":""万元"",""scope"":""演示业务""},{""id"":""product_a"",""subject"":""A产品"",""metric"":""销量"",""period"":""本期"",""unit"":""件"",""scope"":""演示产品""},{""id"":""product_b"",""subject"":""B产品"",""metric"":""销量"",""period"":""本期"",""unit"":""件"",""scope"":""演示产品""},{""id"":""spending"",""subject"":""总计"",""metric"":""支出"",""period"":""本期"",""unit"":""万元"",""scope"":""演示项目""},{""id"":""budget"",""subject"":""总计"",""metric"":""预算"",""period"":""本期"",""unit"":""万元"",""scope"":""演示项目""}]",,,,
lw-292-01,longword-21,quote,本期销售额为125万元,长文Word测试\长文测试_原始报告.docx,"[""t"", 0, 1, 1, 0]","[{""id"":""sales_prev"",""subject"":""总计"",""metric"":""销售额"",""period"":""上期"",""unit"":""万元"",""scope"":""演示业务""},{""id"":""sales_current"",""subject"":""总计"",""metric"":""销售额"",""period"":""本期"",""unit"":""万元"",""scope"":""演示业务""},{""id"":""product_a"",""subject"":""A产品"",""metric"":""销量"",""period"":""本期"",""unit"":""件"",""scope"":""演示产品""},{""id"":""product_b"",""subject"":""B产品"",""metric"":""销量"",""period"":""本期"",""unit"":""件"",""scope"":""演示产品""},{""id"":""spending"",""subject"":""总计"",""metric"":""支出"",""period"":""本期"",""unit"":""万元"",""scope"":""演示项目""},{""id"":""budget"",""subject"":""总计"",""metric"":""预算"",""period"":""本期"",""unit"":""万元"",""scope"":""演示项目""}]",,,,
lw-294-01,longword-22,ranking,A产品销量最高,长文Word测试\长文测试_原始报告.docx,"[""t"", 0, 2, 1, 0]","[{""id"":""sales_prev"",""subject"":""总计"",""metric"":""销售额"",""period"":""上期"",""unit"":""万元"",""scope"":""演示业务""},{""id"":""sales_current"",""subject"":""总计"",""metric"":""销售额"",""period"":""本期"",""unit"":""万元"",""scope"":""演示业务""},{""id"":""product_a"",""subject"":""A产品"",""metric"":""销量"",""period"":""本期"",""unit"":""件"",""scope"":""演示产品""},{""id"":""product_b"",""subject"":""B产品"",""metric"":""销量"",""period"":""本期"",""unit"":""件"",""scope"":""演示产品""},{""id"":""spending"",""subject"":""总计"",""metric"":""支出"",""period"":""本期"",""unit"":""万元"",""scope"":""演示项目""},{""id"":""budget"",""subject"":""总计"",""metric"":""预算"",""period"":""本期"",""unit"":""万元"",""scope"":""演示项目""}]",,,,
lw-298-01,longword-22,quote,本期销售额为125万元,长文Word测试\长文测试_原始报告.docx,"[""t"", 1, 1, 1, 0]","[{""id"":""sales_prev"",""subject"":""总计"",""metric"":""销售额"",""period"":""上期"",""unit"":""万元"",""scope"":""演示业务""},{""id"":""sales_current"",""subject"":""总计"",""metric"":""销售额"",""period"":""本期"",""unit"":""万元"",""scope"":""演示业务""},{""id"":""product_a"",""subject"":""A产品"",""metric"":""销量"",""period"":""本期"",""unit"":""件"",""scope"":""演示产品""},{""id"":""product_b"",""subject"":""B产品"",""metric"":""销量"",""period"":""本期"",""unit"":""件"",""scope"":""演示产品""},{""id"":""spending"",""subject"":""总计"",""metric"":""支出"",""period"":""本期"",""unit"":""万元"",""scope"":""演示项目""},{""id"":""budget"",""subject"":""总计"",""metric"":""预算"",""period"":""本期"",""unit"":""万元"",""scope"":""演示项目""}]",,,,
lw-300-01,longword-22,ranking,A产品销量最高,长文Word测试\长文测试_原始报告.docx,"[""t"", 1, 2, 1, 0]","[{""id"":""sales_prev"",""subject"":""总计"",""metric"":""销售额"",""period"":""上期"",""unit"":""万元"",""scope"":""演示业务""},{""id"":""sales_current"",""subject"":""总计"",""metric"":""销售额"",""period"":""本期"",""unit"":""万元"",""scope"":""演示业务""},{""id"":""product_a"",""subject"":""A产品"",""metric"":""销量"",""period"":""本期"",""unit"":""件"",""scope"":""演示产品""},{""id"":""product_b"",""subject"":""B产品"",""metric"":""销量"",""period"":""本期"",""unit"":""件"",""scope"":""演示产品""},{""id"":""spending"",""subject"":""总计"",""metric"":""支出"",""period"":""本期"",""unit"":""万元"",""scope"":""演示项目""},{""id"":""budget"",""subject"":""总计"",""metric"":""预算"",""period"":""本期"",""unit"":""万元"",""scope"":""演示项目""}]",,,,
lw-304-01,longword-22,quote,本期销售额为125万元,长文Word测试\长文测试_原始报告.docx,"[""t"", 2, 1, 1, 0]","[{""id"":""sales_prev"",""subject"":""总计"",""metric"":""销售额"",""period"":""上期"",""unit"":""万元"",""scope"":""演示业务""},{""id"":""sales_current"",""subject"":""总计"",""metric"":""销售额"",""period"":""本期"",""unit"":""万元"",""scope"":""演示业务""},{""id"":""product_a"",""subject"":""A产品"",""metric"":""销量"",""period"":""本期"",""unit"":""件"",""scope"":""演示产品""},{""id"":""product_b"",""subject"":""B产品"",""metric"":""销量"",""period"":""本期"",""unit"":""件"",""scope"":""演示产品""},{""id"":""spending"",""subject"":""总计"",""metric"":""支出"",""period"":""本期"",""unit"":""万元"",""scope"":""演示项目""},{""id"":""budget"",""subject"":""总计"",""metric"":""预算"",""period"":""本期"",""unit"":""万元"",""scope"":""演示项目""}]",,,,
lw-306-01,longword-22,ranking,A产品销量最高,长文Word测试\长文测试_原始报告.docx,"[""t"", 2, 2, 1, 0]","[{""id"":""sales_prev"",""subject"":""总计"",""metric"":""销售额"",""period"":""上期"",""unit"":""万元"",""scope"":""演示业务""},{""id"":""sales_current"",""subject"":""总计"",""metric"":""销售额"",""period"":""本期"",""unit"":""万元"",""scope"":""演示业务""},{""id"":""product_a"",""subject"":""A产品"",""metric"":""销量"",""period"":""本期"",""unit"":""件"",""scope"":""演示产品""},{""id"":""product_b"",""subject"":""B产品"",""metric"":""销量"",""period"":""本期"",""unit"":""件"",""scope"":""演示产品""},{""id"":""spending"",""subject"":""总计"",""metric"":""支出"",""period"":""本期"",""unit"":""万元"",""scope"":""演示项目""},{""id"":""budget"",""subject"":""总计"",""metric"":""预算"",""period"":""本期"",""unit"":""万元"",""scope"":""演示项目""}]",,,,
lw-310-01,longword-23,quote,本期销售额为125万元,长文Word测试\长文测试_原始报告.docx,"[""t"", 3, 1, 1, 0]","[{""id"":""sales_prev"",""subject"":""总计"",""metric"":""销售额"",""period"":""上期"",""unit"":""万元"",""scope"":""演示业务""},{""id"":""sales_current"",""subject"":""总计"",""metric"":""销售额"",""period"":""本期"",""unit"":""万元"",""scope"":""演示业务""},{""id"":""product_a"",""subject"":""A产品"",""metric"":""销量"",""period"":""本期"",""unit"":""件"",""scope"":""演示产品""},{""id"":""product_b"",""subject"":""B产品"",""metric"":""销量"",""period"":""本期"",""unit"":""件"",""scope"":""演示产品""},{""id"":""spending"",""subject"":""总计"",""metric"":""支出"",""period"":""本期"",""unit"":""万元"",""scope"":""演示项目""},{""id"":""budget"",""subject"":""总计"",""metric"":""预算"",""period"":""本期"",""unit"":""万元"",""scope"":""演示项目""}]",,,,
lw-312-01,longword-23,ranking,A产品销量最高,长文Word测试\长文测试_原始报告.docx,"[""t"", 3, 2, 1, 0]","[{""id"":""sales_prev"",""subject"":""总计"",""metric"":""销售额"",""period"":""上期"",""unit"":""万元"",""scope"":""演示业务""},{""id"":""sales_current"",""subject"":""总计"",""metric"":""销售额"",""period"":""本期"",""unit"":""万元"",""scope"":""演示业务""},{""id"":""product_a"",""subject"":""A产品"",""metric"":""销量"",""period"":""本期"",""unit"":""件"",""scope"":""演示产品""},{""id"":""product_b"",""subject"":""B产品"",""metric"":""销量"",""period"":""本期"",""unit"":""件"",""scope"":""演示产品""},{""id"":""spending"",""subject"":""总计"",""metric"":""支出"",""period"":""本期"",""unit"":""万元"",""scope"":""演示项目""},{""id"":""budget"",""subject"":""总计"",""metric"":""预算"",""period"":""本期"",""unit"":""万元"",""scope"":""演示项目""}]",,,,
lw-316-01,longword-23,quote,本期销售额为125万元,长文Word测试\长文测试_原始报告.docx,"[""t"", 4, 1, 1, 0]","[{""id"":""sales_prev"",""subject"":""总计"",""metric"":""销售额"",""period"":""上期"",""unit"":""万元"",""scope"":""演示业务""},{""id"":""sales_current"",""subject"":""总计"",""metric"":""销售额"",""period"":""本期"",""unit"":""万元"",""scope"":""演示业务""},{""id"":""product_a"",""subject"":""A产品"",""metric"":""销量"",""period"":""本期"",""unit"":""件"",""scope"":""演示产品""},{""id"":""product_b"",""subject"":""B产品"",""metric"":""销量"",""period"":""本期"",""unit"":""件"",""scope"":""演示产品""},{""id"":""spending"",""subject"":""总计"",""metric"":""支出"",""period"":""本期"",""unit"":""万元"",""scope"":""演示项目""},{""id"":""budget"",""subject"":""总计"",""metric"":""预算"",""period"":""本期"",""unit"":""万元"",""scope"":""演示项目""}]",,,,
lw-318-01,longword-23,ranking,A产品销量最高,长文Word测试\长文测试_原始报告.docx,"[""t"", 4, 2, 1, 0]","[{""id"":""sales_prev"",""subject"":""总计"",""metric"":""销售额"",""period"":""上期"",""unit"":""万元"",""scope"":""演示业务""},{""id"":""sales_current"",""subject"":""总计"",""metric"":""销售额"",""period"":""本期"",""unit"":""万元"",""scope"":""演示业务""},{""id"":""product_a"",""subject"":""A产品"",""metric"":""销量"",""period"":""本期"",""unit"":""件"",""scope"":""演示产品""},{""id"":""product_b"",""subject"":""B产品"",""metric"":""销量"",""period"":""本期"",""unit"":""件"",""scope"":""演示产品""},{""id"":""spending"",""subject"":""总计"",""metric"":""支出"",""period"":""本期"",""unit"":""万元"",""scope"":""演示项目""},{""id"":""budget"",""subject"":""总计"",""metric"":""预算"",""period"":""本期"",""unit"":""万元"",""scope"":""演示项目""}]",,,,
lw-322-01,longword-24,quote,本期销售额为125万元,长文Word测试\长文测试_原始报告.docx,"[""t"", 5, 1, 1, 0]","[{""id"":""sales_prev"",""subject"":""总计"",""metric"":""销售额"",""period"":""上期"",""unit"":""万元"",""scope"":""演示业务""},{""id"":""sales_current"",""subject"":""总计"",""metric"":""销售额"",""period"":""本期"",""unit"":""万元"",""scope"":""演示业务""},{""id"":""product_a"",""subject"":""A产品"",""metric"":""销量"",""period"":""本期"",""unit"":""件"",""scope"":""演示产品""},{""id"":""product_b"",""subject"":""B产品"",""metric"":""销量"",""period"":""本期"",""unit"":""件"",""scope"":""演示产品""},{""id"":""spending"",""subject"":""总计"",""metric"":""支出"",""period"":""本期"",""unit"":""万元"",""scope"":""演示项目""},{""id"":""budget"",""subject"":""总计"",""metric"":""预算"",""period"":""本期"",""unit"":""万元"",""scope"":""演示项目""}]",,,,
lw-324-01,longword-24,ranking,A产品销量最高,长文Word测试\长文测试_原始报告.docx,"[""t"", 5, 2, 1, 0]","[{""id"":""sales_prev"",""subject"":""总计"",""metric"":""销售额"",""period"":""上期"",""unit"":""万元"",""scope"":""演示业务""},{""id"":""sales_current"",""subject"":""总计"",""metric"":""销售额"",""period"":""本期"",""unit"":""万元"",""scope"":""演示业务""},{""id"":""product_a"",""subject"":""A产品"",""metric"":""销量"",""period"":""本期"",""unit"":""件"",""scope"":""演示产品""},{""id"":""product_b"",""subject"":""B产品"",""metric"":""销量"",""period"":""本期"",""unit"":""件"",""scope"":""演示产品""},{""id"":""spending"",""subject"":""总计"",""metric"":""支出"",""period"":""本期"",""unit"":""万元"",""scope"":""演示项目""},{""id"":""budget"",""subject"":""总计"",""metric"":""预算"",""period"":""本期"",""unit"":""万元"",""scope"":""演示项目""}]",,,,
lw-328-01,longword-24,quote,本期销售额为125万元,长文Word测试\长文测试_原始报告.docx,"[""t"", 6, 1, 1, 0]","[{""id"":""sales_prev"",""subject"":""总计"",""metric"":""销售额"",""period"":""上期"",""unit"":""万元"",""scope"":""演示业务""},{""id"":""sales_current"",""subject"":""总计"",""metric"":""销售额"",""period"":""本期"",""unit"":""万元"",""scope"":""演示业务""},{""id"":""product_a"",""subject"":""A产品"",""metric"":""销量"",""period"":""本期"",""unit"":""件"",""scope"":""演示产品""},{""id"":""product_b"",""subject"":""B产品"",""metric"":""销量"",""period"":""本期"",""unit"":""件"",""scope"":""演示产品""},{""id"":""spending"",""subject"":""总计"",""metric"":""支出"",""period"":""本期"",""unit"":""万元"",""scope"":""演示项目""},{""id"":""budget"",""subject"":""总计"",""metric"":""预算"",""period"":""本期"",""unit"":""万元"",""scope"":""演示项目""}]",,,,
lw-330-01,longword-24,ranking,A产品销量最高,长文Word测试\长文测试_原始报告.docx,"[""t"", 6, 2, 1, 0]","[{""id"":""sales_prev"",""subject"":""总计"",""metric"":""销售额"",""period"":""上期"",""unit"":""万元"",""scope"":""演示业务""},{""id"":""sales_current"",""subject"":""总计"",""metric"":""销售额"",""period"":""本期"",""unit"":""万元"",""scope"":""演示业务""},{""id"":""product_a"",""subject"":""A产品"",""metric"":""销量"",""period"":""本期"",""unit"":""件"",""scope"":""演示产品""},{""id"":""product_b"",""subject"":""B产品"",""metric"":""销量"",""period"":""本期"",""unit"":""件"",""scope"":""演示产品""},{""id"":""spending"",""subject"":""总计"",""metric"":""支出"",""period"":""本期"",""unit"":""万元"",""scope"":""演示项目""},{""id"":""budget"",""subject"":""总计"",""metric"":""预算"",""period"":""本期"",""unit"":""万元"",""scope"":""演示项目""}]",,,,
lw-334-01,longword-24,quote,本期销售额为125万元,长文Word测试\长文测试_原始报告.docx,"[""t"", 7, 1, 1, 0]","[{""id"":""sales_prev"",""subject"":""总计"",""metric"":""销售额"",""period"":""上期"",""unit"":""万元"",""scope"":""演示业务""},{""id"":""sales_current"",""subject"":""总计"",""metric"":""销售额"",""period"":""本期"",""unit"":""万元"",""scope"":""演示业务""},{""id"":""product_a"",""subject"":""A产品"",""metric"":""销量"",""period"":""本期"",""unit"":""件"",""scope"":""演示产品""},{""id"":""product_b"",""subject"":""B产品"",""metric"":""销量"",""period"":""本期"",""unit"":""件"",""scope"":""演示产品""},{""id"":""spending"",""subject"":""总计"",""metric"":""支出"",""period"":""本期"",""unit"":""万元"",""scope"":""演示项目""},{""id"":""budget"",""subject"":""总计"",""metric"":""预算"",""period"":""本期"",""unit"":""万元"",""scope"":""演示项目""}]",,,,
lw-336-01,longword-25,ranking,A产品销量最高,长文Word测试\长文测试_原始报告.docx,"[""t"", 7, 2, 1, 0]","[{""id"":""sales_prev"",""subject"":""总计"",""metric"":""销售额"",""period"":""上期"",""unit"":""万元"",""scope"":""演示业务""},{""id"":""sales_current"",""subject"":""总计"",""metric"":""销售额"",""period"":""本期"",""unit"":""万元"",""scope"":""演示业务""},{""id"":""product_a"",""subject"":""A产品"",""metric"":""销量"",""period"":""本期"",""unit"":""件"",""scope"":""演示产品""},{""id"":""product_b"",""subject"":""B产品"",""metric"":""销量"",""period"":""本期"",""unit"":""件"",""scope"":""演示产品""},{""id"":""spending"",""subject"":""总计"",""metric"":""支出"",""period"":""本期"",""unit"":""万元"",""scope"":""演示项目""},{""id"":""budget"",""subject"":""总计"",""metric"":""预算"",""period"":""本期"",""unit"":""万元"",""scope"":""演示项目""}]",,,,
